county_state,clinic_count,population_2020,clinics_per_100k,fips
"acadia, la",1,57576.0,1.736834792274559,22001
"accomack, va",1,33413.0,2.9928470954418938,51001
"ada, id",5,494967.0,1.0101683546579874,16001
"adair, mo",1,25314.0,3.9503831871691553,29001
"adair, ok",1,19495.0,5.12952038984355,40001
"adams, co",9,519572.0,1.7321949604674618,08001
"adams, il",2,65737.0,3.042426639487656,17001
"adams, in",1,35809.0,2.792594040604317,18001
"adams, ms",2,29538.0,6.770939129257227,28001
"adams, ne",1,31205.0,3.2046146450889283,31001
"adams, oh",1,27477.0,3.639407504458274,39001
"adams, pa",1,103852.0,0.9629087547663984,42001
"adams, wa",1,20613.0,4.851307427351672,53001
"aguadilla, pr",2,,,00nan
"aibonito, pr",1,,,00nan
"aiken, sc",5,168808.0,2.961944931519833,45003
"aitkin, mn",1,15697.0,6.370644072115691,27001
"alachua, fl",10,278468.0,3.5910768921384144,12001
"alamance, nc",7,171415.0,4.083656622815973,37001
"alameda, ca",31,1682353.0,1.8426572782287665,06001
"alamosa, co",1,16376.0,6.106497313141182,08003
"albany, ny",6,314848.0,1.905681471694278,36001
"albany, wy",1,37066.0,2.697890249824637,56001
"albemarle, va",2,112395.0,1.779438587125762,51003
"alcorn, ms",1,34740.0,2.8785261945883707,28003
"alexander, nc",1,36444.0,2.7439359016573373,37003
"alexandria city, va",2,159467.0,1.2541779803971982,51510
"allegan, mi",1,120502.0,0.8298617450332775,26005
"allegany, md",1,68106.0,1.4682994156168323,24001
"allegheny, pa",36,1250578.0,2.878668903499022,42003
"allen, in",9,385410.0,2.335175527360473,18003
"allen, oh",2,102206.0,1.956832279905289,39003
"allendale, sc",1,8039.0,12.439358129120537,45005
"alpena, mi",1,28907.0,3.4593697028401427,26007
"amador, ca",1,40474.0,2.4707219449523152,06005
"amelia, va",1,13265.0,7.538635506973238,51007
"american samoa, as",2,,,00nan
"amherst, va",1,31307.0,3.1941738269396622,51009
"anchorage, ak",4,,,00nan
"anderson, sc",4,203718.0,1.9634985617373035,45007
"anderson, tn",2,77123.0,2.593260116956031,47001
"anderson, tx",2,57922.0,3.4529194433893857,48001
"androscoggin, me",3,111139.0,2.699322470060015,23001
"angelina, tx",2,86395.0,2.314948781758204,48005
"anne arundel, md",14,588261.0,2.379895998544864,24003
"anoka, mn",6,363887.0,1.648863520818276,27003
"anson, nc",2,22055.0,9.06823849467241,37007
"apache, az",1,66021.0,1.5146695748322505,04001
"appling, ga",1,18444.0,5.421817393190197,13001
"appomattox, va",1,16119.0,6.203858800173708,51011
"aransas, tx",1,23830.0,4.19639110365086,48007
"arapahoe, co",11,655070.0,1.679209855435297,08005
"arecibo, pr",2,,,00nan
"arkansas, ar",1,17149.0,5.831243804303457,05001
"arlington, va",3,238643.0,1.2571078975708485,51013
"armstrong, pa",1,65558.0,1.5253668507276,42005
"aroostook, me",1,67105.0,1.49020192236048,23003
"ascension, la",4,126500.0,3.162055335968379,22005
"ashland, oh",1,52447.0,1.9066867504337712,39005
"ashland, wi",1,16027.0,6.239470892868285,55003
"ashley, ar",1,19062.0,5.246039240373518,05003
"ashtabula, oh",3,97574.0,3.074589542296104,39007
"asotin, wa",1,22285.0,4.487323311644603,53003
"atascosa, tx",3,48981.0,6.124823911312549,48013
"athens, oh",1,62431.0,1.601768352260896,39009
"atlantic, nj",8,274534.0,2.9140288634558926,34001
"attala, ms",1,17889.0,5.590027391134217,28007
"audrain, mo",1,24962.0,4.006089255668616,29007
"augusta, va",1,77487.0,1.2905390581645957,51015
"austin, tx",1,30167.0,3.314880498558027,48015
"autauga, al",3,58805.0,5.101607006206955,01001
"avoyelles, la",2,39693.0,5.038671806111909,22009
"bacon, ga",1,11140.0,8.976660682226212,13005
"baker, fl",1,28259.0,3.53869563678828,12003
"baldwin, al",5,231767.0,2.1573390517200464,01003
"baldwin, ga",4,43799.0,9.132628598826456,13009
"baltimore city, md",30,585708.0,5.122006187383475,24510
"baltimore, md",21,854535.0,2.457476873387281,24005
"bamberg, sc",2,13311.0,15.0251671549846,45009
"bannock, id",1,87018.0,1.149187524420235,16005
"barbour, al",3,25223.0,11.89390635531063,01005
"barnstable, ma",2,228996.0,0.8733777009205401,25001
"barnwell, sc",1,20589.0,4.856962455680218,45011
"barren, ky",2,44485.0,4.495897493537147,21009
"barron, wi",2,46711.0,4.281646721329024,55005
"barrow, ga",2,83505.0,2.3950661637027726,13013
"barry, mi",1,62423.0,1.6019736315140252,26015
"barry, mo",1,34534.0,2.89569699426652,29009
"bartholomew, in",1,82208.0,1.2164266251459712,18005
"barton, ks",1,25493.0,3.922645432079394,20009
"bartow, ga",3,108901.0,2.754795640076767,13015
"bastrop, tx",2,97216.0,2.057274522712311,48021
"baxter, ar",1,41627.0,2.402286977202297,05005
"bay, fl",4,175216.0,2.282896539128847,12005
"bay, mi",2,103856.0,1.9257433369280543,26017
"bayamon, pr",2,,,00nan
"beadle, sd",1,19149.0,5.222204814872839,46005
"bear lake, id",1,6372.0,15.693659761456372,16007
"beaufort, nc",1,44652.0,2.239541341933172,37013
"beaufort, sc",5,187117.0,2.6721249271845955,45013
"beauregard, la",1,36549.0,2.736052969985499,22011
"beaver, pa",4,168215.0,2.3779092233154,42007
"becker, mn",2,35183.0,5.684563567632095,27005
"beckham, ok",1,22410.0,4.462293618920125,40009
"bedford, pa",1,47577.0,2.101855938793955,42009
"bedford, tn",1,50237.0,1.9905647232119756,47003
"bedford, va",2,79462.0,2.5169263295663336,51019
"bee, tx",2,31047.0,6.441846233130415,48025
"belknap, nh",2,63705.0,3.1394709991366456,33001
"bell, ky",1,24097.0,4.149894177698469,21013
"bell, tx",6,370647.0,1.618790925058074,48027
"belmont, oh",2,66497.0,3.0076544806532626,39013
"beltrami, mn",2,46228.0,4.326382279138184,27007
"bennington, vt",1,37347.0,2.677591238921466,50003
"benton, ar",4,284333.0,1.4068011803061904,05007
"benton, or",1,95184.0,1.0505967389477224,41003
"benton, wa",4,206873.0,1.9335534361661504,53005
"benzie, mi",1,17970.0,5.564830272676683,26019
"bergen, nj",15,955732.0,1.5694776359900056,34003
"berkeley, sc",3,229861.0,1.3051365825433632,45015
"berkeley, wv",2,122076.0,1.6383236672236967,54003
"berks, pa",4,428849.0,0.932729235698346,42011
"berkshire, ma",3,129026.0,2.3251127679692467,25003
"bernalillo, nm",17,676444.0,2.5131422556782232,35001
"berrien, mi",3,154316.0,1.9440628321107336,26021
"bertie, nc",1,17934.0,5.576000892160143,37015
"bexar, tx",57,2009324.0,2.8367749551590484,48029
"bibb, ga",9,157346.0,5.719878484359311,13021
"big stone, mn",1,5166.0,19.35733643050716,27011
"bingham, id",1,47992.0,2.0836806134355728,16011
"black hawk, ia",2,131144.0,1.525041176111755,19013
"bladen, nc",2,29606.0,6.755387421468622,37017
"blair, pa",3,122822.0,2.442559150640765,42013
"blount, al",1,59134.0,1.6910745087428551,01009
"blount, tn",2,135280.0,1.4784151389710232,47009
"blue earth, mn",1,69112.0,1.4469267276305129,27013
"bolivar, ms",1,30985.0,3.227368081329676,28011
"bonner, id",1,47110.0,2.1226915729144555,16017
"bonneville, id",3,123964.0,2.4200574360298157,16019
"boone, ar",1,37373.0,2.675728467075161,05009
"boone, il",1,53448.0,1.8709773985930247,17007
"boone, in",1,70812.0,1.4121900242896683,18011
"boone, ky",4,135968.0,2.9418686749823486,21015
"boone, mo",4,183610.0,2.1785305811230327,29019
"bossier, la",3,128746.0,2.330169480993584,22015
"botetourt, va",1,33596.0,2.976544826765091,51023
"boulder, co",5,330758.0,1.51167923376003,08013
"bourbon, ky",1,20252.0,4.937783922575548,21017
"bowie, tx",1,92893.0,1.0765073794580862,48037
"box butte, ne",1,10842.0,9.223390518354549,31013
"boyd, ky",2,48261.0,4.144132943784837,21019
"boyle, ky",3,30614.0,9.799438165545176,21021
"bradford, fl",1,28303.0,3.5331943610217995,12007
"bradford, pa",2,59967.0,3.3351676755548887,42015
"bradley, ar",1,10545.0,9.48316737790422,05011
"bradley, tn",2,108620.0,1.8412815319462348,47011
"branch, mi",1,44862.0,2.229058000089162,26023
"braxton, wv",1,12447.0,8.034064433196756,54007
"brazoria, tx",12,372031.0,3.2255376568081693,48039
"brazos, tx",5,233849.0,2.138131871421302,48041
"breathitt, ky",1,13718.0,7.289692374981776,21025
"bremer, ia",1,24988.0,4.00192092204258,19017
"brevard, fl",14,606612.0,2.307900272332232,12009
"bristol, ma",7,579200.0,1.2085635359116025,25005
"bronx, ny",36,1472654.0,2.444566069151342,36005
"brookings, sd",1,34375.0,2.9090909090909087,46011
"brooks, ga",1,16301.0,6.134592969756457,13027
"brooks, tx",1,7076.0,14.132278123233464,48047
"broome, ny",3,198683.0,1.5099429744869968,36007
"broward, fl",57,1944375.0,2.931533269045323,12011
"brown, mn",1,25912.0,3.859215807347947,27015
"brown, oh",1,43676.0,2.289586958512684,39015
"brown, sd",2,38301.0,5.221795775567217,46013
"brown, tx",1,38095.0,2.62501640635254,48049
"brown, wi",6,268740.0,2.2326412145568204,55009
"brule, sd",1,5247.0,19.05850962454736,46015
"brunswick, nc",4,136693.0,2.9262654269055477,37019
"bryan, ok",1,46067.0,2.1707512970239,40013
"buchanan, mo",2,84793.0,2.3586852688311533,29021
"buchanan, va",1,20355.0,4.912797838368952,51027
"bucks, pa",10,646538.0,1.5466994979413429,42017
"buena vista, ia",1,20823.0,4.802381981462806,19021
"buffalo, ne",1,50084.0,1.9966456353326412,31019
"bullitt, ky",2,82217.0,2.4325869345755744,21029
"bulloch, ga",2,81099.0,2.466121653781181,13031
"bullock, al",1,10357.0,9.655305590421936,01011
"buncombe, nc",4,269452.0,1.4844944554132091,37021
"bureau, il",1,33244.0,3.0080616051016724,17011
"burke, ga",1,24596.0,4.065701740120345,13033
"burke, nc",1,87570.0,1.1419435879867534,37023
"burleigh, nd",2,98458.0,2.0313230006703367,38015
"burlington, nj",11,461860.0,2.381674100376737,34005
"burnet, tx",1,49130.0,2.035416242621616,48053
"butler, al",1,19051.0,5.2490682903784585,01013
"butler, ks",2,67380.0,2.9682398337785694,20015
"butler, mo",2,42130.0,4.747211013529551,29023
"butler, oh",13,390357.0,3.3302848418242785,39017
"butler, pa",3,193763.0,1.5482832119651326,42019
"butte, ca",5,211632.0,2.3625916685567403,06007
"butts, ga",1,25434.0,3.931744908390344,13035
"cabarrus, nc",4,225804.0,1.771447804290447,37025
"cabell, wv",3,94350.0,3.179650238473768,54011
"cache, ut",2,133154.0,1.5020202171921235,49005
"caddo, la",14,237848.0,5.886112138844976,22017
"caddo, ok",1,26945.0,3.71126368528484,40015
"caguas, pr",3,,,00nan
"calcasieu, la",5,216785.0,2.30643264063473,22019
"caldwell, la",1,9645.0,10.368066355624675,22021
"caldwell, nc",1,80652.0,1.2398948569161334,37027
"caldwell, tx",2,45883.0,4.358912887125951,48055
"caledonia, vt",1,30233.0,3.307643965203585,50005
"calhoun, al",6,116441.0,5.152824177051039,01015
"calhoun, mi",4,134310.0,2.9781847963666146,26025
"calhoun, tx",1,20106.0,4.973639709539441,48057
"callaway, mo",1,44283.0,2.2582029221145814,29027
"calloway, ky",1,37103.0,2.6951998490688083,21035
"calumet, wi",1,52442.0,1.9068685404828192,55015
"calvert, md",2,92783.0,2.15556729142192,24009
"cambria, pa",7,133472.0,5.2445456725006,42021
"camden, ga",2,54768.0,3.6517674554484367,13039
"camden, mo",2,42745.0,4.678909814013335,29029
"camden, nj",13,523485.0,2.483356734194867,34007
"cameron, tx",10,421017.0,2.375201001384742,48061
"campbell, ky",2,93076.0,2.148781640809661,21037
"campbell, tn",2,39272.0,5.092686901609289,47013
"campbell, va",1,55696.0,1.795461074403907,51031
"campbell, wy",1,47026.0,2.126483222047378,56005
"canadian, ok",1,154405.0,0.6476474207441469,40017
"candler, ga",1,10981.0,9.106638739641198,13043
"canovanas, pr",1,,,00nan
"canyon, id",5,231105.0,2.1635187468899417,16027
"cape girardeau, mo",3,81710.0,3.671521233631135,29031
"cape may, nj",2,95263.0,2.0994509935651826,34009
"carbon, pa",2,64749.0,3.0888507930624414,42025
"carbon, ut",1,20412.0,4.899078973153047,49007
"carlton, mn",1,36207.0,2.7618968707708453,27017
"carolina, pr",2,,,00nan
"caroline, md",1,33293.0,3.0036343976211213,24011
"caroline, va",1,30887.0,3.237608055168841,51033
"carroll, ga",4,119148.0,3.3571692349011317,13045
"carroll, ia",1,20760.0,4.816955684007708,19027
"carroll, ky",1,10810.0,9.250693802035151,21041
"carroll, md",1,172891.0,0.5783991069517789,24013
"carroll, nh",1,50107.0,1.995729139641168,33003
"carroll, tn",1,28440.0,3.516174402250352,47017
"carson city, nv",3,58639.0,5.116049045856853,32510
"carter, ky",1,26627.0,3.755586434821797,21043
"carter, ok",1,48003.0,2.0832031331375123,40019
"carter, tn",1,56356.0,1.7744339555681736,47019
"carteret, nc",2,67686.0,2.9548207901190797,37031
"carver, mn",2,106922.0,1.870522436916631,27019
"cascade, mt",2,84414.0,2.36927523870448,30013
"cass, in",1,37870.0,2.6406126221283337,18017
"cass, mn",1,30066.0,3.3260160979179143,27021
"cass, mo",3,107824.0,2.782311915714498,29037
"cass, nd",3,184525.0,1.625795962606693,38017
"cass, tx",1,28454.0,3.514444366345681,48067
"cassia, id",1,24655.0,4.055972419387548,16031
"caswell, nc",1,22736.0,4.398311048557354,37033
"catawba, nc",5,160610.0,3.1131311873482344,37035
"catoosa, ga",2,67872.0,2.9467232437529467,13047
"cattaraugus, ny",1,77042.0,1.2979933023545598,36009
"cayey, pr",1,,,00nan
"cayuga, ny",1,76248.0,1.3115098100933795,36011
"cecil, md",2,103725.0,1.928175463967221,24015
"centre, pa",3,158172.0,1.8966694484485245,42027
"cerro gordo, ia",1,43127.0,2.318733044264614,19033
"chaffee, co",1,19476.0,5.134524543027315,08015
"chambers, al",1,34772.0,2.8758771425284717,01017
"chambers, tx",1,46571.0,2.147259023856048,48071
"champaign, il",3,205865.0,1.4572656838219222,17019
"champaign, oh",1,38714.0,2.583044893320246,39021
"charles mix, sd",1,9373.0,10.66894270777766,46023
"charles, md",5,166617.0,3.0008942664914144,24017
"charleston, sc",13,408235.0,3.1844403346111925,45019
"charlotte, fl",3,186847.0,1.6055917408360851,12015
"charlottesville city, va",1,46553.0,2.148089274590252,51540
"chatham, ga",8,295291.0,2.709191949636122,13051
"chatham, nc",2,76285.0,2.621747394638527,37037
"chattooga, ga",1,24965.0,4.005607850991388,13055
"chautauqua, ny",2,127657.0,1.5666982617482783,36013
"chaves, nm",1,65157.0,1.5347545160151634,35005
"chelan, wa",1,79074.0,1.2646381870146952,53007
"chemung, ny",1,84148.0,1.18838237391263,36015
"chenango, ny",1,47220.0,2.117746717492588,36017
"cherokee, al",1,24971.0,4.004645388650835,01019
"cherokee, ga",5,266620.0,1.8753281824319257,13057
"cherokee, nc",1,28774.0,3.475359699728922,37039
"cherokee, ok",1,47078.0,2.124134415225796,40021
"cherokee, sc",1,56216.0,1.778852995588445,45021
"cherokee, tx",1,50412.0,1.9836546853923671,48073
"cherry, ne",1,5455.0,18.331805682859763,31031
"chesapeake city, va",5,249422.0,2.0046347154621484,51550
"cheshire, nh",1,76458.0,1.3079076094064717,33005
"chester, pa",9,534413.0,1.6840907687500115,42029
"chester, sc",2,32294.0,6.193100885613426,45023
"chester, tn",1,17341.0,5.766680122253619,47023
"chesterfield, sc",2,43273.0,4.621819610380607,45025
"chesterfield, va",6,364548.0,1.6458737943974455,51041
"chicot, ar",1,10208.0,9.796238244514106,05017
"childress, tx",1,6664.0,15.006002400960384,48075
"chilton, al",1,45014.0,2.2215310792197984,01021
"chippewa, mi",1,36785.0,2.7184993883376376,26033
"chippewa, wi",1,66297.0,1.5083638777018566,55017
"chisago, mn",1,56621.0,1.7661291746878367,27025
"chittenden, vt",2,168323.0,1.188191750384677,50007
"chowan, nc",2,13708.0,14.590020426028596,37041
"christian, il",1,34032.0,2.938410907381288,17021
"christian, ky",3,72748.0,4.123824709957662,21047
"christian, mo",1,88842.0,1.125593750703496,29043
"churchill, nv",1,25516.0,3.9191095783038095,32001
"cibola, nm",2,27172.0,7.360518180479906,35006
"citrus, fl",2,153843.0,1.3000266505463365,12017
"clackamas, or",5,421401.0,1.1865183044178822,41005
"claiborne, la",1,14170.0,7.057163020465773,22027
"claiborne, ms",1,9135.0,10.946907498631637,28021
"claiborne, tn",1,32043.0,3.120806416377992,47025
"clallam, wa",1,77155.0,1.296092281770462,53009
"clarendon, sc",1,31144.0,3.210891343436938,45027
"clarion, pa",2,37241.0,5.370425069144223,42031
"clark, ar",1,21446.0,4.662874195654201,05019
"clark, in",4,121093.0,3.3032462652671915,18019
"clark, ky",1,36972.0,2.7047495401925783,21049
"clark, nv",36,2265461.0,1.5890805447544671,32003
"clark, oh",2,136001.0,1.4705774222248365,39023
"clark, wa",5,503311.0,0.9934215624136966,53011
"clarke, al",2,23087.0,8.662883874041668,01025
"clarke, ga",5,128671.0,3.885879491105222,13059
"clatsop, or",1,41072.0,2.4347487339306584,41007
"clay, fl",7,218245.0,3.207404522440377,12019
"clay, ia",1,16384.0,6.103515625,19041
"clay, in",1,26466.0,3.778432706113504,18021
"clay, mn",1,65318.0,1.5309715545485163,27027
"clay, mo",5,253335.0,1.9736712258471985,29047
"clay, ms",1,18636.0,5.365958360163125,28025
"clayton, ga",9,297595.0,3.0242443589442027,13063
"clearfield, pa",2,80562.0,2.482560015888384,42033
"clermont, oh",7,208601.0,3.355688611272237,39025
"cleveland, nc",4,99519.0,4.019332991690029,37045
"cleveland, ok",4,295528.0,1.3535096505238082,40027
"clinton, ia",1,46460.0,2.152389151958674,19045
"clinton, il",1,36899.0,2.7101005447302096,17027
"clinton, mi",1,79128.0,1.2637751491254676,26037
"clinton, mo",1,21184.0,4.720543806646526,29049
"clinton, ny",1,79843.0,1.2524579487243714,36019
"clinton, oh",2,42018.0,4.759864819839116,39027
"clinton, pa",1,37450.0,2.67022696929239,42035
"coahoma, ms",1,21390.0,4.675081813931744,28027
"cobb, ga",16,766149.0,2.088366623202536,13067
"cochise, az",3,125447.0,2.3914481813036583,04003
"cocke, tn",1,35999.0,2.777854940415012,47029
"coconino, az",3,145101.0,2.0675253788740258,04005
"codington, sd",1,28325.0,3.53045013239188,46029
"coffee, al",2,53465.0,3.740764986439727,01031
"coffee, ga",2,43092.0,4.64123271140815,13069
"coffee, tn",2,57889.0,3.4548878025186136,47031
"colbert, al",2,57227.0,3.494853827738655,01033
"cole, mo",1,77279.0,1.29401260368276,29051
"coles, il",1,46863.0,2.1338796065126004,17029
"colfax, nm",1,12387.0,8.07297973682086,35007
"colleton, sc",2,38604.0,5.180810278727593,45029
"collier, fl",8,375752.0,2.12906385062488,12021
"collin, tx",24,1064465.0,2.254653746248115,48085
"colonial heights city, va",1,18170.0,5.50357732526142,51570
"colquitt, ga",2,45898.0,4.357488343718681,13071
"columbia, ar",2,22801.0,8.771545107670716,05027
"columbia, fl",3,69698.0,4.3042841975379496,12023
"columbia, ga",4,156010.0,2.563938209089161,13073
"columbia, ny",1,61570.0,1.624167614097775,36021
"columbia, or",1,52589.0,1.9015383445207168,41009
"columbia, pa",1,64727.0,1.5449503298468956,42037
"columbia, wi",1,58490.0,1.7096939647803044,55021
"columbiana, oh",3,101877.0,2.94472746547307,39029
"columbus, nc",2,50623.0,3.9507733638859808,37047
"comal, tx",3,161501.0,1.8575736373149392,48091
"comanche, ok",4,121125.0,3.302373581011352,40031
"concordia, la",1,18687.0,5.351313747525017,22029
"conecuh, al",1,11597.0,8.622919720617402,01035
"contra costa, ca",22,1165927.0,1.8869105870264604,06013
"cook, ga",1,17229.0,5.804167392187591,13075
"cook, il",151,5275541.0,2.8622656899074426,17031
"cooke, tx",2,41668.0,4.799846404915042,48097
"cooper, mo",1,17103.0,5.846927439630474,29053
"coos, nh",1,31268.0,3.1981578610720227,33007
"coos, or",2,64929.0,3.0802876988710746,41011
"copiah, ms",1,28368.0,3.5250987027636778,28029
"cortland, ny",1,46809.0,2.136341301886389,36023
"coryell, tx",1,83093.0,1.203470809815508,48099
"coshocton, oh",1,36612.0,2.7313449142357697,39031
"covington city, va",2,5737.0,34.86142583231654,51580
"covington, al",1,37570.0,2.6616981634282677,01039
"covington, ms",1,18340.0,5.452562704471101,28031
"coweta, ga",6,146158.0,4.105146485310417,13077
"cowley, ks",1,34549.0,2.8944397811803526,20035
"cowlitz, wa",3,110730.0,2.70929287455974,53015
"craighead, ar",3,111231.0,2.6970898400625725,05031
"craven, nc",2,100720.0,1.985702938840349,37049
"crawford, ar",1,60133.0,1.6629803934611609,05033
"crawford, il",1,18679.0,5.35360565340757,17033
"crawford, ks",2,38972.0,5.131889561736632,20037
"crawford, mi",1,12988.0,7.6994148444718205,26039
"crawford, oh",2,42025.0,4.7590719809637125,39033
"crawford, pa",1,83938.0,1.1913555243155662,42039
"crawford, wi",1,16113.0,6.206168931918326,55023
"creek, ok",3,71754.0,4.180951584580651,40037
"crisp, ga",2,20128.0,9.936406995230524,13081
"crittenden, ar",2,48163.0,4.152565247181447,05035
"cross, ar",1,16833.0,5.940711697261332,05037
"crow wing, mn",1,66123.0,1.5123330762367104,27035
"cullman, al",3,87866.0,3.4142899415018326,01043
"culpeper, va",2,52552.0,3.8057543005023593,51047
"cumberland, me",3,303069.0,0.9898735931421556,23005
"cumberland, nc",5,334728.0,1.493750149375015,37051
"cumberland, nj",6,154152.0,3.892262182780632,34011
"cumberland, pa",11,259469.0,4.239427446053285,42041
"cumberland, tn",3,61145.0,4.906370103851501,47035
"curry, nm",2,48430.0,4.129671691100557,35009
"custer, mt",1,11867.0,8.426729586247578,30017
"custer, ok",1,28513.0,3.507172167081682,40039
"cuyahoga, oh",35,1264817.0,2.767198733097357,39035
"dakota, mn",8,439882.0,1.818669552289023,27037
"dale, al",1,49326.0,2.02732838665207,01045
"dallas, al",4,38462.0,10.399875201497585,01047
"dallas, tx",68,2613539.0,2.601836054483978,48113
"dane, wi",5,561504.0,0.8904656066564085,55025
"danville city, va",3,42590.0,7.04390702042733,51590
"dare, nc",1,36915.0,2.7089259108763377,37055
"darke, oh",1,51881.0,1.927487905013396,39037
"darlington, sc",3,62905.0,4.769096256259439,45031
"dauphin, pa",9,286401.0,3.1424471283270656,42043
"davidson, nc",2,168930.0,1.183922334694844,37057
"davidson, tn",19,715884.0,2.654061272496661,47037
"davie, nc",1,42712.0,2.341262408690766,37059
"daviess, ky",2,103312.0,1.9358835372463996,21059
"davis, ut",6,362679.0,1.6543555044543523,49011
"davison, sd",1,19956.0,5.0110242533573865,46035
"dawes, ne",1,8199.0,12.196609342602756,31045
"dawson, tx",1,12456.0,8.028259473346179,48115
"de soto, la",1,26812.0,3.7296732806206174,22031
"deaf smith, tx",1,18583.0,5.381262444169402,48117
"dearborn, in",1,50679.0,1.9732038911580732,18029
"decatur, ga",2,29367.0,6.810365376102427,13087
"decatur, in",1,26472.0,3.7775763070414015,18031
"defiance, oh",2,38286.0,5.22384161312229,39039
"dekalb, al",1,71608.0,1.396492012065691,01049
"dekalb, ga",26,764382.0,3.4014406409360767,13089
"dekalb, il",4,100420.0,3.983270264887473,17037
"dekalb, in",2,43265.0,4.622674217034555,18033
"del norte, ca",1,27743.0,3.60451285008831,06015
"delaware, ia",1,17488.0,5.718206770356816,19055
"delaware, in",2,111903.0,1.7872621824258512,18035
"delaware, oh",2,214124.0,0.9340382208439968,39041
"delaware, pa",11,576830.0,1.9069743251911309,42045
"delta, mi",1,36903.0,2.7098067907758177,26041
"denton, tx",10,906422.0,1.103238888729532,48121
"denver, co",9,715522.0,1.257822960020796,08031
"des moines, ia",1,38910.0,2.570033410434336,19057
"deschutes, or",3,198253.0,1.513217958870736,41017
"desoto, fl",1,33976.0,2.943254061690605,12027
"desoto, ms",1,185314.0,0.5396246371024316,28033
"dewey, sd",1,5239.0,19.08761213972132,46041
"dewitt, tx",1,19824.0,5.044390637610976,48123
"dickinson, ia",1,17703.0,5.648760097158673,19059
"dickinson, mi",1,25947.0,3.854010097506455,26043
"dickson, tn",1,54315.0,1.8411120316671268,47043
"dillon, sc",1,28292.0,3.53456807578114,45033
"dimmit, tx",1,8615.0,11.607661056297156,48127
"district of columbia, dc",19,689545.0,2.7554401815690057,11001
"dodge, ga",1,19925.0,5.018820577164366,13091
"dodge, ne",1,37167.0,2.6905588290687974,31053
"dodge, wi",1,89396.0,1.1186182826972124,55027
"dona ana, nm",5,,,00nan
"door, wi",1,30066.0,3.3260160979179143,55029
"dorado, pr",1,,,00nan
"dorchester, md",1,32531.0,3.07399096246657,24019
"dorchester, sc",6,161540.0,3.714250340472948,45035
"dougherty, ga",7,85790.0,8.159459144422426,13095
"douglas, co",5,357978.0,1.396733877500852,08035
"douglas, ga",6,144237.0,4.159820295763224,13097
"douglas, ks",2,118785.0,1.6837142736877553,20045
"douglas, mn",1,39006.0,2.5637081474644927,27041
"douglas, ne",13,584526.0,2.224024252129076,31055
"douglas, nv",1,49488.0,2.02069188490139,32005
"douglas, or",1,111201.0,0.8992724885567577,41019
"douglas, wa",1,42938.0,2.328939400996786,53017
"douglas, wi",1,44295.0,2.2575911502426917,55031
"drew, ar",1,17350.0,5.763688760806916,05043
"dubois, in",1,43637.0,2.2916332470151475,18037
"dubuque, ia",1,99266.0,1.0073942739709467,19061
"duchesne, ut",1,19596.0,5.103082261686058,49013
"dukes, ma",1,20600.0,4.854368932038836,25007
"dunklin, mo",1,28283.0,3.5356928190078847,29069
"dunn, wi",1,45440.0,2.200704225352113,55033
"dupage, il",25,932877.0,2.679881699302266,17043
"duplin, nc",2,48715.0,4.105511649389305,37061
"durham, nc",13,324833.0,4.0020564413098425,37063
"dutchess, ny",5,295911.0,1.689697240048528,36027
"duval, fl",34,995567.0,3.415139312572635,12031
"dyer, tn",2,36801.0,5.434634928398685,47045
"eagle, co",1,55731.0,1.794333494823348,08037
"early, ga",1,10854.0,9.213193292795284,13099
"east baton rouge, la",15,456781.0,3.2838493720185387,22033
"east feliciana, la",1,19539.0,5.1179691898254775,22037
"eastland, tx",1,17725.0,5.6417489421720735,48133
"eaton, mi",2,109175.0,1.831921227387222,26045
"eau claire, wi",2,105710.0,1.8919685933213508,55035
"ector, tx",4,165171.0,2.4217326286091385,48135
"eddy, nm",3,62314.0,4.814327438456847,35015
"edgar, il",1,16866.0,5.929088106249258,17045
"edgecombe, nc",4,48900.0,8.1799591002045,37065
"edgefield, sc",1,25657.0,3.89757181276065,45037
"effingham, ga",2,64769.0,3.0878969877564884,13103
"effingham, il",1,34668.0,2.8845044421368407,17049
"el dorado, ca",1,191185.0,0.5230535868399717,06017
"el paso, co",6,730395.0,0.8214733123857638,08041
"el paso, tx",28,865657.0,3.2345374669181908,48141
"elbert, ga",1,19637.0,5.092427560217956,13105
"elk, pa",1,30990.0,3.2268473701193936,42047
"elkhart, in",4,207047.0,1.93192849932624,18039
"elko, nv",1,53702.0,1.8621280399240248,32007
"ellis, ks",1,28934.0,3.456141563558443,20051
"ellis, tx",3,192455.0,1.5588059546387467,48139
"elmore, al",2,87977.0,2.273321436284484,01051
"emanuel, ga",1,22768.0,4.392129304286718,13107
"emmet, mi",1,34112.0,2.931519699812383,26047
"emporia city, va",1,5766.0,17.34304543877905,51595
"erath, tx",1,42545.0,2.350452462098954,48143
"erie, ny",17,954236.0,1.7815299359906775,36029
"erie, oh",3,75622.0,3.9670995213033247,39043
"erie, pa",5,270876.0,1.8458630517284664,42049
"escambia, al",2,36757.0,5.441140463041053,01053
"escambia, fl",11,321905.0,3.417157235830447,12033
"essex, ma",9,809829.0,1.1113457285426924,25009
"essex, nj",22,863728.0,2.5470981605320198,34013
"essex, ny",1,37381.0,2.6751558278269707,36031
"essex, va",1,10599.0,9.434852344560808,51057
"etowah, al",4,103436.0,3.867125565567114,01055
"evangeline, la",1,32350.0,3.091190108191653,22039
"evans, ga",1,10774.0,9.281603861147207,13109
"fairbanks north star, ak",1,,,00nan
"fairfax, va",22,1150309.0,1.912529589875416,51059
"fairfield, ct",11,,,09001
"fairfield, oh",3,158921.0,1.8877303817620077,39045
"fairfield, sc",1,20948.0,4.773725415314111,45039
"fajardo, pr",1,,,00nan
"fall river, sd",1,6973.0,14.341029685931453,46047
"falls church city, va",1,14658.0,6.822213125938054,51610
"falls, tx",1,16968.0,5.893446487505893,48145
"faulkner, ar",3,123498.0,2.4291891366661806,05045
"fauquier, va",1,72972.0,1.3703886422189333,51061
"fayette, al",2,16321.0,12.254151093682989,01057
"fayette, ga",5,119194.0,4.194842022249442,13113
"fayette, ia",1,19509.0,5.125839356194577,19065
"fayette, in",1,23398.0,4.273869561500983,18041
"fayette, ky",9,322570.0,2.7900920730384104,21067
"fayette, oh",1,28951.0,3.4541121204794307,39047
"fayette, pa",3,128804.0,2.3291202136579607,42051
"fayette, wv",2,40488.0,4.939735230191662,54019
"finney, ks",2,38470.0,5.198856251624642,20055
"flagler, fl",4,115378.0,3.4668654336181937,12035
"flathead, mt",1,104357.0,0.9582490872677444,30029
"florence, sc",8,137059.0,5.8369023559197135,45041
"floyd, ga",3,98584.0,3.0430901566177067,13115
"floyd, ia",1,15627.0,6.39918090484418,19067
"floyd, in",2,80484.0,2.4849659559664032,18043
"floyd, ky",1,35942.0,2.782260308274442,21071
"fond du lac, wi",3,104154.0,2.880350250590472,55039
"ford, ks",1,34287.0,2.9165572957680754,20057
"forrest, ms",1,78158.0,1.279459556283426,28035
"forsyth, ga",3,251283.0,1.19387304354055,13117
"forsyth, nc",7,382590.0,1.829634857157793,37067
"fort bend, tx",32,822779.0,3.889258233377371,48157
"franklin city, va",2,8180.0,24.449877750611243,51620
"franklin, al",1,32113.0,3.114003674524336,01059
"franklin, ga",1,23424.0,4.26912568306011,13119
"franklin, il",2,37804.0,5.290445455507354,17055
"franklin, ks",1,25996.0,3.846745653177412,20059
"franklin, ky",2,51541.0,3.880405890456141,21073
"franklin, la",1,19774.0,5.057145746940427,22041
"franklin, ma",1,71029.0,1.4078756564220247,25011
"franklin, me",1,29456.0,3.3948940793047253,23007
"franklin, mo",3,104682.0,2.86582220439044,29071
"franklin, nc",2,68573.0,2.91659982792061,37069
"franklin, ny",2,47555.0,4.205656608137946,36033
"franklin, oh",34,1323807.0,2.5683502202360318,39049
"franklin, pa",4,155932.0,2.56522073724444,42055
"franklin, tn",1,42774.0,2.337868798803011,47051
"franklin, va",1,54477.0,1.835637057840924,51067
"franklin, vt",1,49946.0,2.002162335322148,50011
"franklin, wa",1,96749.0,1.0336024144952405,53021
"frederick, md",4,271717.0,1.4721198894437963,24021
"frederick, va",1,91419.0,1.0938645139413032,51069
"fredericksburg city, va",3,27982.0,10.721177900078622,51630
"freeborn, mn",1,30895.0,3.2367697038355723,27047
"fremont, wy",1,39234.0,2.54880970586736,56013
"fresno, ca",21,1008654.0,2.081982523243848,06019
"frio, tx",1,18385.0,5.439216752787599,48163
"fulton, ga",37,1066710.0,3.4686090877558096,13121
"fulton, il",1,33609.0,2.975393495789818,17057
"fulton, ny",1,53324.0,1.8753281824319257,36035
"fulton, oh",1,42713.0,2.341207594877438,39051
"fulton, pa",1,14556.0,6.870019236053861,42057
"gadsden, fl",1,43826.0,2.281750559028887,12039
"gage, ne",1,21704.0,4.607445632141541,31067
"galax city, va",1,6720.0,14.880952380952383,51640
"gallatin, mt",1,118960.0,0.8406186953597848,30031
"gallia, oh",1,29220.0,3.4223134839151266,39053
"galveston, tx",12,350682.0,3.4219036049754474,48167
"garfield, ok",1,62846.0,1.591191165706648,40047
"garland, ar",1,100180.0,0.9982032341784788,05051
"garrett, md",1,28806.0,3.471498993265292,24023
"gaston, nc",5,227943.0,2.193530838850064,37071
"geauga, oh",1,95397.0,1.048250993217816,39055
"genesee, mi",16,406211.0,3.938839667069577,26049
"genesee, ny",2,58388.0,3.4253613756251284,36037
"george, ms",1,24350.0,4.106776180698152,28039
"georgetown, sc",4,63404.0,6.308750236578134,45043
"gibson, in",1,33011.0,3.02929326588107,18051
"gibson, tn",2,50429.0,3.9659719605782384,47053
"gila, az",2,53272.0,3.754317465084848,04007
"gilchrist, fl",1,17864.0,5.597850425436632,12041
"giles, tn",1,30346.0,3.295327225993541,47055
"giles, va",1,16787.0,5.95699052838506,51071
"glacier, mt",1,13778.0,7.257947452460444,30035
"gladwin, mi",1,25386.0,3.9391790750807534,26051
"gloucester, nj",6,302294.0,1.9848227222505244,34015
"gloucester, va",1,38711.0,2.5832450724600244,51073
"glynn, ga",4,84499.0,4.733783831761323,13127
"gonzales, tx",1,19653.0,5.088281687274208,48177
"gordon, ga",2,57544.0,3.4756012790212707,13129
"grady, ok",1,54795.0,1.8249840313897248,40051
"grafton, nh",1,91118.0,1.0974779955661889,33009
"graham, az",1,38533.0,2.595178158980614,04009
"grand forks, nd",3,73170.0,4.1000410004100045,38035
"grand traverse, mi",1,95238.0,1.05000105000105,26055
"grant, in",1,66674.0,1.4998350181480038,18053
"grant, ky",1,24941.0,4.0094623311014,21081
"grant, nm",1,28185.0,3.5479865176512333,35017
"grant, sd",1,7556.0,13.234515616728428,46051
"grant, wa",2,99123.0,2.017695186788132,53025
"grant, wi",1,51938.0,1.9253725595902809,55043
"granville, nc",2,60992.0,3.2791185729275973,37077
"gratiot, mi",1,41761.0,2.3945786738823305,26057
"graves, ky",1,36649.0,2.728587410297689,21083
"gray, tx",1,21227.0,4.71098129740425,48179
"grays harbor, wa",1,75636.0,1.3221217409699086,53027
"grayson, ky",1,26420.0,3.785011355034065,21085
"grayson, tx",4,135543.0,2.9510930110739766,48181
"green lake, wi",1,19018.0,5.258176464402145,55047
"green, wi",1,37093.0,2.695926455126304,55045
"greenbrier, wv",1,32977.0,3.0324165327349366,54025
"greene, al",1,7730.0,12.9366106080207,01063
"greene, ar",1,45736.0,2.1864614308203603,05055
"greene, ga",1,18915.0,5.286809410520751,13133
"greene, in",1,30803.0,3.2464370353536998,18055
"greene, mo",5,298915.0,1.6727163240386065,29077
"greene, ms",1,13530.0,7.390983000739098,28041
"greene, nc",1,20451.0,4.889736443205711,37079
"greene, ny",1,47931.0,2.0863324362103857,36039
"greene, oh",3,167966.0,1.7860757534262883,39057
"greene, pa",1,35954.0,2.7813317016187358,42059
"greene, tn",2,70152.0,2.8509522180408253,47059
"greenup, ky",1,35962.0,2.7807129748067405,21089
"greenville, sc",12,525534.0,2.283391750105607,45045
"greenwood, sc",2,69351.0,2.8838805496676327,45047
"gregg, tx",3,124239.0,2.414700697848502,48183
"gregory, sd",1,3994.0,25.03755633450175,46053
"grenada, ms",1,21629.0,4.623422257154746,28043
"grundy, il",2,52533.0,3.807130755905812,17063
"guadalupe, tx",5,172706.0,2.8950933957129457,48187
"guam, gu",5,153836.0,3.2502145141579346,00nan
"guayama, pr",2,,,00nan
"guaynabo, pr",1,,,00nan
"guernsey, oh",1,38438.0,2.6015921744107398,39059
"guilford, nc",9,541299.0,1.6626670287585974,37081
"gulf, fl",1,14192.0,7.046223224351747,12045
"gwinnett, ga",26,957062.0,2.716647406333132,13135
"habersham, ga",1,46031.0,2.172449001759684,13137
"hale, tx",1,32522.0,3.074841645655249,48189
"halifax, nc",2,48622.0,4.113364320677882,37083
"halifax, va",2,34022.0,5.878549174063841,51083
"hall, ga",6,203136.0,2.953686200378072,13139
"hall, ne",2,62895.0,3.1799030129581047,31079
"hamblen, tn",2,64499.0,3.100823268577807,47063
"hamilton, in",5,347467.0,1.4389855727306478,18057
"hamilton, oh",30,830639.0,3.611677274965418,39061
"hamilton, tn",11,366207.0,3.0037656298213853,47065
"hampden, ma",9,465825.0,1.932056029624859,25013
"hampshire, ma",1,162308.0,0.6161125760899031,25015
"hampton city, va",3,137148.0,2.1874179718260565,51650
"hancock, in",1,79840.0,1.25250501002004,18059
"hancock, me",1,55478.0,1.8025163127726307,23009
"hancock, ms",1,46053.0,2.1714112001389703,28045
"hancock, oh",3,74920.0,4.00427122263748,39063
"hancock, wv",1,29095.0,3.4370166695308475,54029
"hanover, va",3,109979.0,2.72779348784768,51085
"haralson, ga",1,29919.0,3.34235769912096,13143
"hardee, fl",1,25327.0,3.948355509930114,12049
"hardeman, tn",1,25462.0,3.927421255203833,47069
"hardin, ia",1,16878.0,5.9248726152387725,19083
"hardin, ky",4,110702.0,3.6133041860129,21093
"hardin, oh",1,30696.0,3.2577534532186605,39065
"harford, md",5,260924.0,1.9162668056598855,24025
"harlan, ky",1,26831.0,3.727032164287578,21095
"harnett, nc",4,133568.0,2.994729276473407,37085
"harper, ks",1,5485.0,18.23154056517776,20077
"harris, tx",133,4731145.0,2.811158820961945,48201
"harrison, in",2,39654.0,5.043627376809401,18061
"harrison, mo",1,8157.0,12.25940909648155,29081
"harrison, ms",8,208621.0,3.83470503928176,28047
"harrison, tx",2,68839.0,2.9053298275686745,48203
"harrison, wv",2,65921.0,3.0339345580315835,54033
"harrisonburg city, va",1,51814.0,1.9299803142007952,51660
"hart, ga",2,25828.0,7.743534148985597,13147
"hartford, ct",17,,,09003
"harvey, ks",2,34024.0,5.878203620973431,20079
"hawaii, hi",6,200629.0,2.990594580045756,15001
"hays, tx",4,241067.0,1.6592897410263536,48209
"haywood, nc",1,62089.0,1.610591248047158,37087
"haywood, tn",2,17864.0,11.195700850873264,47075
"hempstead, ar",2,20065.0,9.9676052828308,05057
"henderson, ky",2,44793.0,4.464983367936954,21101
"henderson, nc",1,116281.0,0.8599857242369776,37089
"henderson, tn",2,27842.0,7.183391997701315,47077
"henderson, tx",1,82150.0,1.217285453438831,48213
"hendricks, in",3,174788.0,1.7163649678467627,18063
"hendry, fl",2,39619.0,5.048082990484364,12051
"hennepin, mn",22,1281565.0,1.7166511257720052,27053
"henrico, va",9,334389.0,2.691476095206481,51087
"henry, ga",11,240712.0,4.569776330220346,13151
"henry, ia",1,20482.0,4.882335709403378,19087
"henry, il",1,49284.0,2.029056083110137,17073
"henry, in",1,48914.0,2.044404464979352,18065
"henry, mo",1,21946.0,4.556639023056594,29083
"henry, tn",2,32199.0,6.2113730240069565,47079
"henry, va",2,50948.0,3.9255711706053233,51089
"herkimer, ny",2,60139.0,3.32562895957698,36043
"hernando, fl",5,194515.0,2.5704958486492044,12053
"hertford, nc",1,21552.0,4.639940608760208,37091
"hickman, tn",1,24925.0,4.012036108324975,47081
"hidalgo, tx",26,870781.0,2.9858253682613656,48215
"highlands, fl",5,101235.0,4.939003309132217,12055
"hill, mt",1,16309.0,6.131583788092464,30041
"hill, tx",1,35874.0,2.787534147293304,48217
"hillsborough, fl",30,1459762.0,2.05512953481458,12057
"hillsborough, nh",5,422937.0,1.1822091706329785,33011
"hillsdale, mi",1,45746.0,2.185983473964937,26059
"hinds, ms",11,227742.0,4.830026960332306,28049
"hocking, oh",1,28050.0,3.5650623885918,39073
"hoke, nc",2,52082.0,3.8400983065166474,37093
"holmes, ms",1,17000.0,5.882352941176471,28051
"holmes, oh",1,44223.0,2.2612667616398707,39075
"holt, ne",1,10127.0,9.874592673052236,31089
"honolulu, hi",27,1016508.0,2.656152238841209,15003
"hood river, or",1,23977.0,4.170663552571214,41027
"hood, tx",1,61598.0,1.6234293321211728,48221
"hopewell city, va",1,23033.0,4.341596839317502,51670
"hopkins, ky",2,45423.0,4.403055720670145,21107
"hopkins, tx",1,36787.0,2.718351591594857,48223
"horry, sc",8,351029.0,2.279013984599563,45051
"hot spring, ar",1,33040.0,3.026634382566586,05059
"houghton, mi",1,37361.0,2.676587885763229,26061
"houston, al",4,107202.0,3.731273670267346,01069
"houston, ga",7,163633.0,4.277865711684074,13153
"houston, tx",1,22066.0,4.531858968548899,48225
"howard, in",3,83658.0,3.5860288316718067,18067
"howard, md",4,332317.0,1.203669989798897,24027
"howard, tx",1,34860.0,2.868617326448652,48227
"howell, mo",2,39750.0,5.031446540880504,29091
"hudson, nj",14,724854.0,1.9314234314772356,34017
"huerfano, co",1,6820.0,14.662756598240469,08055
"hughes, ok",1,13367.0,7.481110196753198,40063
"hughes, sd",1,17765.0,5.629045876723895,46065
"humacao, pr",1,,,00nan
"humboldt, ca",2,136463.0,1.465598733722694,06023
"humphreys, ms",1,7785.0,12.845215157353886,28053
"humphreys, tn",1,18990.0,5.265929436545551,47085
"hunt, tx",3,99956.0,3.0013205810556647,48231
"hunterdon, nj",1,128947.0,0.7755124198314035,34019
"huntingdon, pa",2,44092.0,4.535970244035199,42061
"huntington, in",1,36662.0,2.727619878893677,18069
"huron, mi",1,31407.0,3.1840035660839945,26063
"huron, oh",2,58565.0,3.415008964398531,39077
"iberia, la",3,69929.0,4.290065638004261,22045
"iberville, la",1,30241.0,3.3067689560530407,22047
"imperial, ca",5,179702.0,2.78238416934703,06025
"independence, ar",1,37938.0,2.635879593020191,05063
"indian river, fl",6,159788.0,3.7549753423285854,12061
"indiana, pa",2,83246.0,2.4025178386949526,42063
"ingham, mi",5,284900.0,1.7550017550017551,26065
"inyo, ca",1,19016.0,5.258729490954986,06027
"ionia, mi",1,66804.0,1.4969163523142326,26067
"iosco, mi",1,25237.0,3.962436105717796,26069
"iowa, ia",1,16662.0,6.001680470531749,19095
"iowa, wi",1,23709.0,4.217807583618035,55049
"iredell, nc",4,186693.0,2.142554889578077,37097
"iron, ut",2,57289.0,3.4910715844228384,49021
"iroquois, il",1,27077.0,3.693171326217824,17075
"isabela, pr",1,,,00nan
"isabella, mi",2,64394.0,3.105879429760537,26073
"isanti, mn",1,41135.0,2.4310198128114746,27059
"island, wa",1,86857.0,1.1513176830882943,53029
"isle of wight, va",1,38606.0,2.590270942340569,51093
"itasca, mn",1,45014.0,2.2215310792197984,27061
"jackson, al",1,52579.0,1.9018999980981,01071
"jackson, ar",1,16755.0,5.968367651447329,05067
"jackson, fl",1,47319.0,2.1133160041420997,12063
"jackson, ga",3,75907.0,3.9522046715059216,13157
"jackson, il",1,52974.0,1.8877185034167705,17077
"jackson, in",1,46428.0,2.1538726630481606,18071
"jackson, mi",3,160366.0,1.8707207263385008,26075
"jackson, mo",19,717204.0,2.6491765243919443,29095
"jackson, ms",2,143252.0,1.396141066093318,28059
"jackson, nc",1,43109.0,2.319701222482544,37099
"jackson, oh",1,32653.0,3.0625057421982667,39079
"jackson, ok",1,24785.0,4.03469840629413,40065
"jackson, or",2,223259.0,0.8958205492275788,41029
"jackson, wv",1,27791.0,3.598287215285524,54035
"james city, va",3,78254.0,3.833669844353005,51095
"jasper, ia",1,37813.0,2.64459312934705,19099
"jasper, mo",4,122761.0,3.2583638126114973,29097
"jasper, ms",2,16367.0,12.219710392863687,28061
"jasper, sc",1,28791.0,3.473307630856865,45053
"jasper, tx",2,32980.0,6.064281382656155,48241
"jefferson davis, la",2,32250.0,6.2015503875969,22053
"jefferson, al",29,674721.0,4.298072833067297,01073
"jefferson, ar",2,67260.0,2.9735355337496285,05069
"jefferson, co",11,582910.0,1.887083769364053,08059
"jefferson, ga",1,15709.0,6.365777579731364,13163
"jefferson, ia",1,15663.0,6.384472961757006,19101
"jefferson, il",1,37113.0,2.6944736345754854,17081
"jefferson, in",1,33147.0,3.0168642712764355,18077
"jefferson, ky",27,782969.0,3.4484123892516814,21111
"jefferson, la",19,440781.0,4.3105306263201,22051
"jefferson, mo",5,226739.0,2.2051786415217496,29099
"jefferson, ms",2,7260.0,27.54820936639118,28063
"jefferson, ny",1,116721.0,0.8567438592883886,36045
"jefferson, oh",3,65249.0,4.597771613358058,39081
"jefferson, or",1,24502.0,4.081299485756264,41031
"jefferson, pa",1,44492.0,2.2475950732715995,42065
"jefferson, tn",1,54683.0,1.8287219062597149,47089
"jefferson, tx",6,256526.0,2.3389442005878545,48245
"jefferson, wa",1,32977.0,3.0324165327349366,53031
"jefferson, wi",2,84900.0,2.3557126030624262,55055
"jefferson, wv",1,57701.0,1.7330722171192874,54037
"jennings, in",1,27613.0,3.621482634990765,18079
"jersey, il",1,21512.0,4.648568240981778,17083
"jessamine, ky",1,52991.0,1.887112905965164,21113
"jim wells, tx",2,38891.0,5.142577974338536,48249
"johnson, ia",2,152854.0,1.3084381174192368,19103
"johnson, in",3,161765.0,1.8545420826507588,18081
"johnson, ks",12,609863.0,1.967655030720014,20091
"johnson, ky",1,22680.0,4.409171075837743,21115
"johnson, mo",1,54013.0,1.851406142965582,29101
"johnson, tn",1,17948.0,5.571651437486072,47091
"johnson, tx",3,179927.0,1.6673428668293253,48251
"johnston, nc",5,215999.0,2.3148255315996837,37101
"jones, ga",1,28347.0,3.5277101633329804,13169
"jones, ms",1,67246.0,1.4870772982779643,28067
"jones, nc",1,9172.0,10.902747492368077,37103
"josephine, or",2,88090.0,2.27040526734022,41033
"juana diaz, pr",1,,,00nan
"juncos, pr",1,,,00nan
"juneau, ak",1,,,00nan
"juneau, wi",1,26718.0,3.742795119395164,55057
"kalamazoo, mi",7,261670.0,2.675125157641304,26077
"kalkaska, mi",1,17939.0,5.574446736161436,26079
"kanabec, mn",1,16032.0,6.2375249500998,27065
"kanawha, wv",3,180745.0,1.6597969515062658,54039
"kandiyohi, mn",1,43732.0,2.2866550809475896,27067
"kane, il",11,516522.0,2.129628554059653,17089
"kankakee, il",2,107502.0,1.8604305036185371,17091
"kauai, hi",2,73298.0,2.728587410297689,15007
"kaufman, tx",2,145310.0,1.3763677654669328,48257
"kay, ok",1,43700.0,2.288329519450801,40071
"kenai peninsula, ak",1,,,00nan
"kendall, il",2,131869.0,1.5166566820101768,17093
"kendall, tx",2,44279.0,4.516813839517604,48259
"kennebec, me",3,123642.0,2.426359974765856,23011
"kenosha, wi",2,169151.0,1.1823755106384235,55059
"kent, de",7,181851.0,3.849305200411326,10001
"kent, md",1,19198.0,5.2088759245754765,24029
"kent, mi",9,657974.0,1.3678352032147167,26081
"kent, ri",2,170363.0,1.1739638301743922,44003
"kenton, ky",2,169064.0,1.1829839587375195,21117
"kern, ca",19,909235.0,2.0896687874971818,06029
"kerr, tx",1,52598.0,1.9012129738773336,48265
"kershaw, sc",2,65403.0,3.057963701970857,45055
"king george, va",1,26723.0,3.742094824682858,51099
"king william, va",1,17810.0,5.614823133071308,51101
"king, wa",27,2269675.0,1.1895976296165751,53033
"kings, ca",4,152486.0,2.62319163726506,06031
"kings, ny",49,2736074.0,1.7908872347750828,36047
"kitsap, wa",3,275611.0,1.0884906625642663,53035
"kittitas, wa",1,44337.0,2.255452556555473,53037
"klamath, or",1,69413.0,1.440652327373835,41035
"kleberg, tx",1,31040.0,3.2216494845360826,48273
"knox, il",1,49967.0,2.001320871775372,17095
"knox, in",2,36282.0,5.512375282509233,18083
"knox, oh",2,62721.0,3.1887246695684057,39083
"knox, tn",11,478971.0,2.2965899814393773,47093
"kootenai, id",4,171362.0,2.33423979645429,16055
"kosciusko, in",1,80240.0,1.246261216350947,18085
"kossuth, ia",1,14828.0,6.743997841920691,19109
"la crosse, wi",3,120784.0,2.4837726851238573,55063
"la paz, az",1,16557.0,6.03974149906384,04012
"la plata, co",1,55638.0,1.7973327581868508,08067
"la salle, il",2,,,00nan
"la salle, tx",1,6664.0,15.006002400960384,48283
"labette, ks",1,20184.0,4.954419342053112,20099
"lackawanna, pa",6,215896.0,2.779115870604365,42069
"laclede, mo",1,36039.0,2.774771775021504,29105
"lafayette, la",5,241753.0,2.0682266610962428,22055
"lafayette, ms",2,55813.0,3.583394549656889,28071
"lafourche, la",4,97557.0,4.100167081808584,22057
"lake, ca",1,68163.0,1.4670715784223112,06033
"lake, fl",12,383956.0,3.125358113950557,12069
"lake, il",16,714342.0,2.2398235019080497,17097
"lake, in",23,498700.0,4.611991177060356,18089
"lake, mt",2,31134.0,6.423845313804844,30047
"lake, oh",6,232603.0,2.5795024139843425,39085
"lake, sd",1,11059.0,9.042408897730356,46079
"lamar, ms",1,64222.0,1.557098813490704,28073
"lamar, tx",2,50088.0,3.992972368631209,48277
"lampasas, tx",1,21627.0,4.623849817357932,48281
"lancaster, ne",5,322608.0,1.549868571145167,31109
"lancaster, pa",7,552984.0,1.26585941003718,42071
"lancaster, sc",1,96016.0,1.0414930844859192,45057
"lane, or",5,382971.0,1.3055818847902323,41039
"langlade, wi",1,19491.0,5.130573085013596,55067
"lapeer, mi",2,88619.0,2.256852368002347,26087
"laporte, in",4,112417.0,3.5581807022069616,18091
"laramie, wy",2,100512.0,1.9898121617319329,56021
"lares, pr",1,,,00nan
"larimer, co",6,359066.0,1.6710019884923664,08069
"las piedras, pr",1,,,00nan
"lasalle, la",1,14791.0,6.760868095463458,00nan
"latah, id",2,39517.0,5.061112938735228,16057
"lauderdale, al",3,93564.0,3.206361421059382,01077
"lauderdale, ms",3,72984.0,4.110489970404473,28075
"lauderdale, tn",1,25143.0,3.9772501292606295,47097
"laurel, ky",1,62613.0,1.597112420743296,21125
"laurens, ga",4,49570.0,8.06939681258826,13175
"laurens, sc",3,67539.0,4.441878026029405,45059
"lawrence, al",1,33073.0,3.0236144286880537,01079
"lawrence, in",1,45011.0,2.221679145097865,18093
"lawrence, ky",1,16293.0,6.137605106487449,21127
"lawrence, ms",1,12016.0,8.322237017310254,28077
"lawrence, oh",2,58240.0,3.434065934065934,39087
"lawrence, pa",2,86070.0,2.323690019751365,42073
"lawrence, tn",1,44159.0,2.2645440340587424,47099
"lea, nm",2,74455.0,2.6861862870190047,35025
"leake, ms",1,21275.0,4.700352526439483,28079
"leavenworth, ks",1,81881.0,1.2212845470866256,20103
"lebanon, pa",5,143257.0,3.490230843868013,42075
"lee, al",4,174241.0,2.2956709385276715,01081
"lee, fl",22,760822.0,2.8916093383209214,12071
"lee, ga",1,33163.0,3.0154087386545245,13177
"lee, ia",2,33555.0,5.960363582178513,19111
"lee, il",2,34145.0,5.857372968223752,17103
"lee, ms",3,83343.0,3.599582448435981,28081
"lee, nc",2,63285.0,3.160306549735324,37105
"lee, sc",1,16531.0,6.049240820277055,45061
"leflore, ms",1,28339.0,3.528706023501182,28083
"leflore, ok",1,,,00nan
"lehigh, pa",11,374557.0,2.9368026762281843,42077
"lenawee, mi",1,99423.0,1.0058034861148828,26091
"lenoir, nc",2,55122.0,3.628315373172237,37107
"leon, fl",7,292198.0,2.3956358359742365,12073
"letcher, ky",1,21548.0,4.640801930573604,21133
"lewis and clark, mt",1,70973.0,1.4089865159990418,30049
"lewis, ny",1,26582.0,3.761944172748476,36049
"lewis, wa",2,82149.0,2.434600542915921,53041
"lewis, wv",1,17033.0,5.870956378794105,54041
"lexington city, va",1,7320.0,13.66120218579235,51678
"lexington, sc",6,293991.0,2.0408788024123186,45063
"liberty, ga",2,65256.0,3.0648522741203874,13179
"liberty, tx",2,91628.0,2.1827389007726894,48291
"licking, oh",2,178519.0,1.120328928573429,39089
"limestone, al",3,103570.0,2.896591677126581,01083
"lincoln, ky",1,24275.0,4.119464469618949,21137
"lincoln, la",2,48396.0,4.132572939912389,22061
"lincoln, me",1,35237.0,2.8379260436473026,23015
"lincoln, mo",1,59574.0,1.6785846174505656,29113
"lincoln, ms",1,34907.0,2.8647549202165754,28085
"lincoln, mt",1,19677.0,5.082075519642222,30053
"lincoln, nc",1,86810.0,1.1519410206197442,37109
"lincoln, ne",1,34676.0,2.8838389664321147,31111
"lincoln, or",2,50395.0,3.968647683301915,41041
"lincoln, sd",1,65161.0,1.5346603029419437,46083
"lincoln, tn",1,35319.0,2.8313372405787254,47103
"linn, ia",4,230299.0,1.736872500531917,19113
"linn, or",2,128610.0,1.5550890288469017,41043
"litchfield, ct",1,,,09005
"livingston, il",1,35815.0,2.792126204104425,17105
"livingston, la",3,142282.0,2.108488775811417,22063
"livingston, mi",2,193866.0,1.031640411418196,26093
"livingston, mo",1,14557.0,6.869547296833139,29117
"livingston, ny",1,61834.0,1.6172332373774947,36051
"logan, co",1,21528.0,4.645113340765515,08075
"logan, il",1,27987.0,3.5730875049129955,17107
"logan, oh",1,46150.0,2.1668472372697725,39091
"logan, wv",1,32567.0,3.070592931495072,54045
"lorain, oh",7,312964.0,2.236678979051904,39093
"los angeles, ca",215,10014009.0,2.146992278517025,06037
"loudon, tn",1,54886.0,1.8219582407171224,47105
"loudoun, va",7,420959.0,1.662869780667476,51107
"louisa, va",2,37596.0,5.319714863283328,51109
"lowndes, ga",6,118251.0,5.073952862977903,13185
"lowndes, ms",3,58879.0,5.095195230897264,28087
"lubbock, tx",9,310639.0,2.897253725385416,48303
"lucas, oh",23,431279.0,5.332974710106451,39095
"luna, nm",1,25427.0,3.9328273095528377,35029
"luzerne, pa",7,325594.0,2.1499167675080004,42079
"lycoming, pa",2,114188.0,1.7514975303884823,42081
"lynchburg city, va",3,79009.0,3.79703578073384,51680
"lyon, ks",1,32179.0,3.107616768700084,20111
"lyon, ky",1,8680.0,11.52073732718894,21143
"lyon, mn",1,25269.0,3.957418180379121,27083
"macomb, mi",16,881217.0,1.815670827957245,26099
"macon, al",1,19532.0,5.119803399549457,01087
"macon, il",3,103998.0,2.8846708590549817,17115
"macon, mo",1,15209.0,6.575054244197515,29121
"macon, nc",1,37014.0,2.701680445236937,37113
"madera, ca",3,156255.0,1.919938561966017,06039
"madison, al",10,388153.0,2.5763036740666694,01089
"madison, fl",1,17968.0,5.565449688334818,12079
"madison, il",8,265859.0,3.0091138535840427,17119
"madison, in",3,130129.0,2.305404636937193,18095
"madison, ky",3,92701.0,3.2362110441095564,21151
"madison, la",1,10017.0,9.98302885095338,22065
"madison, ms",2,109145.0,1.8324247560584543,28089
"madison, ne",1,35585.0,2.810172825628776,31119
"madison, ny",3,68016.0,4.4107268877911086,36053
"madison, oh",1,43824.0,2.281854691493246,39097
"madison, tn",3,98823.0,3.03573054855651,47113
"mahoning, oh",8,228614.0,3.49934824638911,39099
"malheur, or",1,31571.0,3.1674638117259506,41045
"manassas city, va",2,42772.0,4.675956233049658,51683
"manatee, fl",8,399710.0,2.0014510520127096,12081
"manati, pr",1,,,00nan
"manistee, mi",1,25032.0,3.994886545222116,26101
"manitowoc, wi",2,81359.0,2.4582406371759733,55071
"marathon, wi",3,138013.0,2.17370827385826,55073
"marengo, al",2,19323.0,10.350359674998709,01091
"maricopa, az",71,4420568.0,1.606128443222681,04013
"marin, ca",2,262321.0,0.7624246629129959,06041
"marinette, wi",1,41872.0,2.388230798624379,55075
"marion, fl",8,375908.0,2.1281802994349683,12083
"marion, ia",1,33414.0,2.99275752678518,19125
"marion, il",2,37729.0,5.300962124625619,17121
"marion, in",25,977203.0,2.558322068188493,18097
"marion, ky",1,19581.0,5.106991471324243,21155
"marion, mo",1,28525.0,3.5056967572305,29127
"marion, ms",1,24441.0,4.091485618428052,28091
"marion, oh",2,65359.0,3.060022338163068,39101
"marion, or",5,345920.0,1.4454209065679926,41047
"marion, sc",2,29183.0,6.853305006339308,45067
"marion, tn",1,28837.0,3.4677671047612444,47115
"marion, wv",1,56205.0,1.7792011386887288,54049
"marlboro, sc",2,26667.0,7.4999062511718595,45069
"marquette, mi",1,66017.0,1.51476134934941,26103
"marshall, al",4,97612.0,4.097856820882678,01095
"marshall, ia",1,40105.0,2.4934546814611647,19127
"marshall, in",1,46095.0,2.169432693350689,18099
"marshall, ks",1,10038.0,9.962143853357242,20117
"marshall, ms",1,33752.0,2.9627873903768664,28093
"marshall, tn",1,34318.0,2.913922722769392,47117
"martin, fl",2,158431.0,1.2623792060897174,12085
"martin, mn",1,20025.0,4.993757802746567,27091
"martin, nc",1,22031.0,4.539058599246516,37117
"mason, ky",2,17120.0,11.682242990654206,21161
"mason, mi",2,29052.0,6.884207627702051,26105
"mason, wa",2,65726.0,3.042935824483462,53045
"massac, il",1,14169.0,7.057661091114404,17127
"matagorda, tx",1,36255.0,2.758240242725141,48321
"matanuska-susitna, ak",1,,,00nan
"maui, hi",6,164754.0,3.641793218981026,15009
"maury, tn",3,100974.0,2.9710618575078733,47119
"maverick, tx",2,57887.0,3.455007169139876,48323
"mayaguez, pr",3,,,00nan
"mayes, ok",1,39046.0,2.5610818009527225,40097
"mccracken, ky",2,67875.0,2.9465930018416207,21145
"mccurtain, ok",2,30814.0,6.490556240669825,40089
"mcdonough, il",1,27238.0,3.671341508187091,17109
"mcdowell, nc",1,44578.0,2.243259006684912,37111
"mcduffie, ga",2,21632.0,9.245562130177516,13189
"mchenry, il",8,310229.0,2.5787402209335686,17111
"mcintosh, ok",1,18941.0,5.279552293965472,40091
"mckean, pa",1,40432.0,2.4732884843688168,42083
"mckinley, nm",5,72902.0,6.858522399934159,35031
"mclean, il",2,170954.0,1.1699053546568083,17113
"mclennan, tx",5,260579.0,1.918803894404384,48309
"mcleod, mn",2,36771.0,5.439068831416062,27085
"mcminn, tn",2,53276.0,3.7540355882573766,47107
"mcnairy, tn",1,25866.0,3.866079022655223,47109
"mecklenburg, nc",25,1115482.0,2.2411836318291103,37119
"mecklenburg, va",1,30319.0,3.2982618160229555,51117
"mecosta, mi",1,39714.0,2.518003726645515,26107
"medina, oh",5,182470.0,2.740176467364498,39103
"medina, tx",2,50748.0,3.9410420115078426,48325
"meeker, mn",1,23400.0,4.273504273504273,27093
"mendocino, ca",2,91601.0,2.1833822774860536,06045
"merced, ca",8,281202.0,2.844929979160888,06047
"mercer, nj",8,387340.0,2.0653689265245005,34021
"mercer, oh",1,42528.0,2.351392024078254,39107
"mercer, pa",3,110652.0,2.711202689513068,42085
"mercer, wv",2,59664.0,3.3521051220166265,54055
"meriwether, ga",1,20613.0,4.851307427351672,13199
"merrimack, nh",1,153808.0,0.650161239987517,33013
"mesa, co",3,155703.0,1.9267451494190864,08077
"miami, in",1,35962.0,2.7807129748067405,18103
"miami, oh",1,108774.0,0.9193373416441428,39109
"miami-dade, fl",70,2701767.0,2.5908969944484483,12086
"middlesex, ct",1,,,09007
"middlesex, ma",14,1632002.0,0.8578420859778357,25017
"middlesex, nj",20,863162.0,2.317062150558064,34023
"midland, mi",2,83494.0,2.3953817040745444,26111
"midland, tx",2,169983.0,1.17658824706,48329
"mifflin, pa",1,46143.0,2.1671759530156254,42087
"mille lacs, mn",1,26459.0,3.7794323292641447,27095
"miller, ar",3,42600.0,7.042253521126761,05091
"milwaukee, wi",29,939489.0,3.08678441152584,55079
"mineral, wv",1,26938.0,3.712228079293192,54057
"minnehaha, sd",3,197214.0,1.5211901791962033,46099
"mississippi, ar",3,40685.0,7.37372496005899,05093
"mississippi, mo",1,12577.0,7.951021706289258,29133
"missoula, mt",2,117922.0,1.6960363630196231,30063
"mitchell, ga",1,21755.0,4.596644449551827,13205
"mitchell, nc",1,14903.0,6.710058377507885,37121
"mobile, al",15,414809.0,3.616122118854702,01097
"mohave, az",3,213267.0,1.4066873918609069,04015
"monmouth, nj",12,643615.0,1.8644686652734943,34025
"monona, ia",1,8751.0,11.427265455376528,19133
"monongalia, wv",3,105822.0,2.834949254408346,54061
"monroe, al",1,19772.0,5.057657293141816,01099
"monroe, fl",1,82874.0,1.2066510606462824,12087
"monroe, ga",2,27957.0,7.153843402367922,13207
"monroe, in",2,139718.0,1.4314547875005368,18105
"monroe, mi",3,154809.0,1.93787182915722,26115
"monroe, ms",1,34180.0,2.925687536571094,28095
"monroe, ny",14,759443.0,1.8434563225943223,36055
"monroe, pa",5,168327.0,2.970408787657357,42089
"monroe, tn",2,46250.0,4.324324324324325,47123
"monroe, wi",1,46274.0,2.1610407572286814,55081
"montcalm, mi",1,66614.0,1.5011859368901432,26117
"monterey, ca",7,439035.0,1.5944059129682144,06053
"montezuma, co",1,25849.0,3.8686216101203135,08083
"montgomery, al",13,228954.0,5.677996453436061,01101
"montgomery, il",2,28288.0,7.070135746606336,17135
"montgomery, in",1,37936.0,2.636018557570645,18107
"montgomery, ks",1,31486.0,3.176014736708378,20125
"montgomery, ky",1,28114.0,3.5569467169381803,21173
"montgomery, md",17,1062061.0,1.6006613556095175,24031
"montgomery, ms",1,9822.0,10.18122581958868,28097
"montgomery, nc",1,25751.0,3.8833443361422857,37123
"montgomery, ny",2,49532.0,4.037793749495276,36057
"montgomery, oh",17,537309.0,3.1639149911875664,39113
"montgomery, pa",18,856553.0,2.1014461451889144,42091
"montgomery, tn",4,220069.0,1.8176117490423456,47125
"montgomery, tx",13,620443.0,2.0952770842768795,48339
"montgomery, va",1,99721.0,1.0027978058784008,51121
"montour, pa",2,18136.0,11.027790030877812,42093
"montrose, co",2,42679.0,4.686145411092107,08085
"moore, nc",4,99727.0,4.010949893208459,37125
"moore, tx",1,21358.0,4.682086337672066,48341
"morehouse, la",1,25629.0,3.90182995825042,22067
"morgan, al",4,123421.0,3.240939548375074,01103
"morgan, ga",1,20097.0,4.975867044832562,13211
"morgan, il",1,32915.0,3.038128512836093,17137
"morgan, in",1,71780.0,1.3931457230426303,18109
"morgan, wv",1,17063.0,5.86063412061185,54065
"morris, nj",7,509285.0,1.3744759810322311,34027
"morrison, mn",1,34010.0,2.940311673037342,27097
"mountrail, nd",1,9809.0,10.194719135487816,38061
"muhlenberg, ky",1,30928.0,3.2333160889808585,21177
"multnomah, or",13,815428.0,1.594254796254237,41051
"murray, ga",1,39973.0,2.5016886398318867,13213
"muscatine, ia",2,43235.0,4.625881808719788,19139
"muscogee, ga",12,206922.0,5.799286687737409,13215
"muskegon, mi",4,175824.0,2.275002275002275,26121
"muskingum, oh",2,86410.0,2.314546927438954,39119
"muskogee, ok",2,66339.0,3.014817829632644,40101
"nacogdoches, tx",3,64653.0,4.64015590923855,48347
"nantucket, ma",1,14255.0,7.01508242721852,25019
"napa, ca",4,138019.0,2.898151703750933,06055
"naranjito, pr",1,,,00nan
"nash, nc",3,94970.0,3.1588922817731917,37127
"nassau, fl",2,90352.0,2.213564724632548,12089
"nassau, ny",25,1395774.0,1.7911209121247424,36059
"natchitoches, la",2,37515.0,5.331200852992136,22069
"natrona, wy",1,79955.0,1.250703520730411,56025
"navajo, az",4,106717.0,3.74823130335373,04017
"navarro, tx",1,52624.0,1.9002736394040745,48349
"nelson, ky",2,46738.0,4.279173263725449,21179
"nemaha, ks",1,10273.0,9.734254842791785,20131
"neosho, ks",1,15904.0,6.287726358148894,20133
"neshoba, ms",2,29087.0,6.875923952281088,28099
"nevada, ca",1,102241.0,0.978081200301249,06057
"new castle, de",20,570719.0,3.504351528510528,10003
"new hanover, nc",3,225702.0,1.3291862721641812,37129
"new haven, ct",15,,,09009
"new london, ct",2,,,09011
"new york, ny",20,1694251.0,1.1804626351113263,36061
"newaygo, mi",1,49978.0,2.0008803873704437,26123
"newberry, sc",1,37719.0,2.651183753545958,45071
"newport news city, va",7,186247.0,3.7584498005337,51700
"newport, ri",1,85643.0,1.1676377520637995,44005
"newton, ga",4,112483.0,3.5560929207080183,13217
"newton, mo",1,58648.0,1.705087982539899,29145
"newton, ms",1,21291.0,4.69682025268893,28101
"nez perce, id",1,42090.0,2.3758612497030174,16069
"niagara, ny",4,212666.0,1.880883639133665,36063
"nicholas, wv",1,24604.0,4.064379775646236,54067
"nicollet, mn",1,34454.0,2.902420618796076,27103
"noble, in",1,47457.0,2.107170701898561,18113
"nobles, mn",1,22290.0,4.486316733961417,27105
"nolan, tx",1,14738.0,6.785181164337088,48353
"norfolk city, va",11,238005.0,4.621751643873028,51710
"norfolk, ma",12,725981.0,1.6529358206344242,25021
"northampton, nc",1,17471.0,5.723770820216359,37131
"northampton, pa",6,312951.0,1.9172330492633032,42095
"northampton, va",1,12282.0,8.141996417521577,51131
"northumberland, pa",1,91647.0,1.0911431907209184,42097
"norton city, va",1,3687.0,27.122321670735012,51720
"noxubee, ms",1,10285.0,9.72289742343218,28103
"nueces, tx",16,353178.0,4.530293506390545,48355
"nye, nv",1,51591.0,1.938322575643039,32023
"oakland, mi",32,1274395.0,2.51099541350994,26125
"obion, tn",1,30787.0,3.248124208269724,47131
"ocean, nj",10,637229.0,1.5692945550186823,34029
"oconee, ga",1,41799.0,2.392401732098854,13219
"oconee, sc",2,78607.0,2.5443026702456524,45073
"oconto, wi",1,38965.0,2.566405748748877,55083
"ogemaw, mi",1,20770.0,4.814636494944632,26129
"oglala lakota, sd",2,13672.0,14.628437682855472,00nan
"ohio, wv",1,42425.0,2.3571007660577488,54069
"okaloosa, fl",5,211668.0,2.362189844473421,12091
"okanogan, wa",1,42104.0,2.3750712521375643,53047
"okeechobee, fl",1,39644.0,2.5224498032489158,12093
"oklahoma, ok",23,796292.0,2.888387676882349,40109
"okmulgee, ok",1,36706.0,2.7243502424671715,40111
"oktibbeha, ms",2,51788.0,3.861898509307175,28105
"oldham, ky",2,67607.0,2.958273551555312,21185
"olmsted, mn",4,162847.0,2.4562933305495345,27109
"oneida, ny",5,232125.0,2.1540118470651586,36065
"oneida, wi",2,37845.0,5.284713964856652,55085
"onondaga, ny",9,476516.0,1.888708878610582,36067
"onslow, nc",2,204576.0,0.9776317847645865,37133
"ontario, ny",2,112458.0,1.7784417293567378,36069
"orange, ca",55,3186989.0,1.7257668601931164,06059
"orange, fl",33,1429908.0,2.307840784162338,12095
"orange, in",1,19867.0,5.033472592741732,18117
"orange, nc",2,148696.0,1.345026093506214,37135
"orange, ny",5,401310.0,1.245919613266552,36071
"orange, tx",2,84808.0,2.358268087916234,48361
"orange, va",2,36254.0,5.516632647432007,51137
"orangeburg, sc",5,84223.0,5.936620638067986,45075
"orleans, la",16,383997.0,4.166699219004315,22071
"orleans, ny",1,40343.0,2.478744763651687,36073
"orleans, vt",1,27393.0,3.650567663271639,50019
"osceola, fl",8,388656.0,2.058375530031699,12097
"oswego, ny",1,117525.0,0.8508827908955541,36075
"otero, co",1,18690.0,5.350454788657036,08089
"otero, nm",1,67839.0,1.4740783325225904,35035
"otsego, mi",1,25091.0,3.985492806185485,26137
"otsego, ny",2,58524.0,3.41740140796938,36077
"ottawa, mi",3,296200.0,1.012829169480081,26139
"ottawa, ok",2,30285.0,6.603929337956084,40115
"otter tail, mn",1,60081.0,1.66441970007157,27111
"ouachita, ar",1,22650.0,4.415011037527594,05103
"ouachita, la",6,160368.0,3.74139479197845,22073
"outagamie, wi",2,190705.0,1.0487402008337483,55087
"overton, tn",1,22511.0,4.442272666696282,47133
"owen, in",1,21321.0,4.690211528539937,18119
"ozaukee, wi",2,91503.0,2.18572068675344,55089
"page, ia",1,15211.0,6.5741897311156405,19145
"page, va",1,23709.0,4.217807583618035,51139
"palm beach, fl",36,1492191.0,2.4125597862472032,12099
"panola, ms",1,33208.0,3.0113225728740063,28107
"panola, tx",1,22491.0,4.446222933617891,48365
"park, wy",1,29624.0,3.3756413718606533,56029
"parker, tx",3,148222.0,2.023991040466328,48367
"pasco, fl",8,561891.0,1.4237636837037788,12101
"pasquotank, nc",2,40568.0,4.9299940840071,37139
"passaic, nj",10,524118.0,1.9079672898087836,34031
"paulding, ga",5,168661.0,2.964526476185959,13223
"payette, id",1,25386.0,3.9391790750807534,16075
"payne, ok",1,81646.0,1.224799745241653,40119
"peach, ga",2,27981.0,7.147707372860155,13225
"pearl river, ms",1,56145.0,1.781102502449016,28109
"pecos, tx",1,15193.0,6.58197854274995,48371
"pender, nc",2,60203.0,3.3220935833762435,37141
"pennington, mn",1,13992.0,7.14694110920526,27113
"penobscot, me",3,152199.0,1.971103620917352,23019
"peoria, il",4,181830.0,2.199857009294396,17143
"perquimans, nc",1,13005.0,7.6893502499038835,37143
"perry, al",1,8511.0,11.749500646222534,01105
"perry, il",1,20945.0,4.774409166865601,17145
"perry, in",1,19170.0,5.216484089723527,18123
"perry, ky",1,28473.0,3.512099181680891,21193
"perry, pa",1,45842.0,2.181405697831683,42099
"person, nc",1,39097.0,2.5577410031460213,37145
"petersburg city, va",3,33458.0,8.9664654193317,51730
"pettis, mo",1,42980.0,2.3266635644485807,29159
"phelps, mo",3,44638.0,6.720731215556253,29161
"philadelphia, pa",50,1603797.0,3.117601541841019,42101
"phillips, ar",1,16568.0,6.035731530661516,05107
"pickaway, oh",2,58539.0,3.416525734980099,39129
"pickens, al",1,19123.0,5.229305025362129,01107
"pickens, ga",1,33216.0,3.010597302504817,13227
"pickens, sc",2,131404.0,1.5220236826885023,45077
"pierce, wa",16,921130.0,1.7369969493991075,53053
"pike, al",1,33009.0,3.0294768093550246,01109
"pike, ky",3,58669.0,5.113432988460686,21195
"pike, mo",1,17587.0,5.686018081537499,29163
"pike, ms",2,40324.0,4.959825414145422,28113
"pike, oh",1,27088.0,3.691671588895452,39131
"pike, pa",1,58535.0,1.7083796019475526,42103
"pima, az",20,1043433.0,1.9167498056894885,04019
"pinal, az",5,425264.0,1.1757402460589188,04021
"pinellas, fl",23,959107.0,2.3980640324802134,12103
"pipestone, mn",1,9424.0,10.61120543293718,27117
"pitt, nc",5,170243.0,2.936978319226048,37147
"pittsburg, ok",1,43773.0,2.284513284444749,40121
"pittsylvania, va",2,60501.0,3.3057304837936563,51143
"placer, ca",6,404739.0,1.482436829660596,06061
"platte, mo",1,106718.0,0.937049045147023,29165
"plymouth, ia",1,25698.0,3.8913534127169433,19149
"plymouth, ma",4,530819.0,0.7535525292048701,25023
"pointe coupee, la",1,20758.0,4.817419789960497,22077
"polk, ar",1,19221.0,5.202642942614848,05113
"polk, fl",20,725046.0,2.7584456710332863,12105
"polk, ga",1,42853.0,2.333558910694701,13233
"polk, ia",9,492401.0,1.8277785788412289,19153
"polk, mn",1,31192.0,3.205950243652218,27119
"polk, mo",1,31519.0,3.1726894888797235,29167
"polk, or",2,87433.0,2.2874658309791496,41053
"polk, tx",2,50123.0,3.990184146998384,48373
"polk, wi",1,44977.0,2.2233586055094827,55095
"ponce, pr",4,,,00nan
"pontotoc, ok",1,38065.0,2.627085248916327,40123
"pope, ar",1,63381.0,1.577759896498951,05115
"portage, oh",4,161791.0,2.472325407470131,39133
"portage, wi",1,70377.0,1.4209187660741436,55097
"porter, in",6,173215.0,3.463903241636117,18127
"portsmouth city, va",4,97915.0,4.085175917887963,51740
"pottawatomie, ok",2,72454.0,2.760372098158832,40125
"pottawattamie, ia",1,93667.0,1.06761185903253,19155
"potter, tx",3,118525.0,2.531111579835477,48375
"poweshiek, ia",1,18662.0,5.358482477762298,19157
"preble, oh",2,40999.0,4.878167760189273,39135
"preston, wv",1,34216.0,2.922609305588029,54077
"prince edward, va",2,21849.0,9.153737013135611,51147
"prince george, va",1,43010.0,2.325040688212044,51149
"prince georges, md",46,,,00nan
"prince william, va",9,482204.0,1.866429975694934,51153
"providence, ri",11,660741.0,1.6647975530502876,44007
"prowers, co",1,11999.0,8.33402783565297,08099
"pueblo, co",4,168162.0,2.3786586743735207,08101
"pulaski, ar",12,399125.0,3.0065768869401817,05119
"pulaski, ga",1,9855.0,10.147133434804667,13235
"pulaski, ky",2,65034.0,3.075314450902605,21199
"putnam, fl",2,73321.0,2.7277314821129006,12107
"putnam, ga",2,22047.0,9.071529006213996,13237
"putnam, ny",1,97668.0,1.0238768071425646,36079
"putnam, oh",1,34451.0,2.9026733621665555,39137
"putnam, tn",3,79854.0,3.7568562626793898,47141
"putnam, wv",1,57440.0,1.7409470752089138,54079
"queens, ny",40,2405464.0,1.6628808412846754,36081
"racine, wi",4,197727.0,2.0229912960799488,55101
"radford city, va",2,16070.0,12.445550715619165,51750
"raleigh, wv",3,74591.0,4.021932940971431,54081
"ramsey, mn",15,552352.0,2.7156595793986447,27123
"ramsey, nd",1,11605.0,8.616975441619992,38071
"randall, tx",2,140753.0,1.420928861196564,48381
"randolph, al",1,21967.0,4.55228296990941,01111
"randolph, ar",1,18571.0,5.384739647838027,05121
"randolph, il",2,30163.0,6.630640188310181,17157
"randolph, in",1,24502.0,4.081299485756264,18135
"randolph, mo",1,24716.0,4.045962129794465,29175
"randolph, nc",2,144171.0,1.3872415395606603,37151
"randolph, wv",1,27932.0,3.5801231562365743,54083
"rankin, ms",4,157031.0,2.547267736943661,28121
"rapides, la",5,130023.0,3.845473493151212,22079
"ray, mo",1,23158.0,4.318162190171863,29177
"red river, la",1,7620.0,13.123359580052494,22081
"red willow, ne",1,10702.0,9.344047841524947,31145
"redwood, mn",1,15425.0,6.482982171799028,27127
"reeves, tx",1,14748.0,6.780580417683754,48389
"reno, ks",1,61898.0,1.6155610843645998,20155
"rensselaer, ny",3,161130.0,1.8618506795754977,36083
"renville, mn",1,14723.0,6.792094002580996,27129
"rhea, tn",1,32870.0,3.04228780042592,47143
"rice, mn",3,67097.0,4.471138799052119,27131
"richland, la",2,20043.0,9.978546125829467,22083
"richland, oh",3,124936.0,2.401229429467888,39139
"richland, sc",14,416147.0,3.364195825032981,45079
"richland, wi",1,17304.0,5.779010633379565,55103
"richmond city, va",9,226610.0,3.971581130576762,51760
"richmond, ga",11,206607.0,5.324117769485061,13245
"richmond, nc",2,42946.0,4.657011130256601,37153
"richmond, ny",7,495747.0,1.4120105618390026,36085
"richmond, va",1,8923.0,11.20699316373417,51159
"riley, ks",2,71959.0,2.7793604691560474,20161
"rio arriba, nm",2,40363.0,4.955033074845775,35039
"rio grande, pr",1,,,00nan
"ripley, in",1,28995.0,3.448870494912916,18137
"riverside, ca",40,2418185.0,1.6541331618548625,06065
"roane, tn",2,53404.0,3.745037824882032,47145
"roanoke city, va",4,100011.0,3.999560048394677,51770
"roberts, sd",1,10280.0,9.72762645914397,46109
"robertson, tn",1,72803.0,1.373569770476491,47147
"robeson, nc",7,116530.0,6.007036814554192,37155
"rock island, il",4,144672.0,2.7648750276487504,17161
"rock, wi",4,163687.0,2.443688258688839,55105
"rockcastle, ky",1,16037.0,6.235580220739539,21203
"rockdale, ga",6,93570.0,6.412311638345624,13247
"rockingham, nc",3,91096.0,3.293229120927373,37157
"rockingham, nh",5,314176.0,1.591464656752903,33015
"rockland, ny",5,338329.0,1.477851440461799,36087
"rockwall, tx",2,107819.0,1.854960628460661,48397
"rogers, ok",2,95240.0,2.099958000839983,40131
"roosevelt, mt",1,10794.0,9.264406151565684,30085
"roscommon, mi",1,23459.0,4.26275629822243,26143
"roseau, mn",1,15331.0,6.522731720044354,27135
"ross, oh",1,77093.0,1.2971346296032065,39141
"rowan, ky",1,24662.0,4.054821182385857,21205
"rowan, nc",2,146875.0,1.3617021276595744,37159
"rusk, tx",1,52214.0,1.91519515838664,48401
"russell, al",3,59183.0,5.069023199229508,01113
"russell, va",1,25781.0,3.8788254916411313,51167
"rutherford, nc",1,64444.0,1.551734839550618,37161
"rutherford, tn",5,341486.0,1.464188868650545,47149
"rutland, vt",1,60572.0,1.6509278214356466,50021
"sabine, la",1,22155.0,4.513653802753328,22085
"sacramento, ca",32,1585055.0,2.018857389806663,06067
"sagadahoc, me",1,36699.0,2.7248698874628734,23023
"saginaw, mi",7,190124.0,3.6818076623677176,26145
"saint bernard, la",2,,,00nan
"saint charles, la",1,,,00nan
"saint charles, mo",7,,,00nan
"saint clair, al",2,,,00nan
"saint clair, il",7,,,00nan
"saint clair, mi",2,,,00nan
"saint croix, vi",3,,,00nan
"saint croix, wi",1,,,00nan
"saint francis, ar",2,,,00nan
"saint francois, mo",2,,,00nan
"saint james, la",2,,,00nan
"saint johns, fl",4,,,00nan
"saint joseph, mi",2,,,00nan
"saint landry, la",4,,,00nan
"saint lawrence, ny",2,,,00nan
"saint louis city, mo",11,,,00nan
"saint louis, mn",4,,,00nan
"saint louis, mo",38,,,00nan
"saint lucie, fl",7,,,00nan
"saint martin, la",1,,,00nan
"saint mary, la",2,,,00nan
"saint marys, md",3,,,00nan
"saint tammany, la",7,,,00nan
"saint thomas, vi",2,,,00nan
"saipan, mp",3,,,00nan
"salem, nj",1,64837.0,1.5423292255964958,34033
"salem, va",2,,,00nan
"saline, ar",2,123416.0,1.6205354249043884,05125
"saline, il",1,23768.0,4.207337596768765,17165
"saline, ks",1,54303.0,1.8415188847761632,20169
"saline, mo",1,23333.0,4.28577551107873,29195
"salt lake, ut",13,1185238.0,1.096826122685908,49035
"saluda, sc",1,18862.0,5.301664722722935,45081
"sampson, nc",3,59036.0,5.081645097906363,37163
"san augustine, tx",1,7918.0,12.62945188178833,48405
"san benito, ca",1,64209.0,1.5574140696787055,06069
"san bernardino, ca",42,2181654.0,1.9251448671512528,06071
"san diego, ca",41,3298634.0,1.2429387437345276,06073
"san francisco, ca",13,873965.0,1.4874737546698094,06075
"san german, pr",2,,,00nan
"san joaquin, ca",18,779233.0,2.3099637720681745,06077
"san juan, nm",5,121661.0,4.109780455528066,35045
"san juan, pr",7,,,00nan
"san juan, ut",2,14518.0,13.776002204160353,49037
"san juan, wa",1,17788.0,5.621767483696875,53055
"san luis obispo, ca",4,282424.0,1.416310228592471,06079
"san mateo, ca",15,764442.0,1.9622155768521352,06081
"san miguel, nm",1,27201.0,3.676335428844528,35047
"san patricio, tx",2,68755.0,2.9088793542287834,48409
"san sebastian, pr",1,,,00nan
"sandoval, nm",3,148834.0,2.0156684628512305,35043
"sandusky, oh",3,58896.0,5.093724531377343,39143
"sangamon, il",6,196343.0,3.0558767055611864,17167
"sanilac, mi",1,40611.0,2.462387037994632,26151
"santa barbara, ca",6,448229.0,1.3386014738002223,06083
"santa clara, ca",32,1936259.0,1.6526714659557424,06085
"santa cruz, az",1,47669.0,2.097799408420567,04023
"santa cruz, ca",4,270861.0,1.4767722189610168,06087
"santa fe, nm",4,154823.0,2.583595460622776,35049
"santa rosa, fl",3,188000.0,1.5957446808510638,12113
"sarasota, fl",11,434006.0,2.5345271724354044,12115
"saratoga, ny",4,235509.0,1.6984488915497922,36091
"sarpy, ne",2,190604.0,1.0492959224360454,31153
"sauk, wi",3,65763.0,4.56183568267871,55111
"sawyer, wi",1,18074.0,5.532809560694921,55113
"schenectady, ny",3,158061.0,1.8980014045210396,36093
"schuyler, il",1,6902.0,14.488554042306578,17169
"schuylkill, pa",3,143049.0,2.0971834825828912,42107
"scioto, oh",2,74008.0,2.702410550210788,39145
"scotland, nc",1,34174.0,2.926201205594897,37165
"scott, ia",4,174669.0,2.29004574366373,19163
"scott, in",2,24384.0,8.202099737532809,18143
"scott, ky",1,57155.0,1.7496282040066486,21209
"scott, mn",2,150928.0,1.325135163786706,27139
"scott, mo",2,38059.0,5.254998817625266,29201
"scott, ms",1,27990.0,3.5727045373347623,28123
"scotts bluff, ne",1,36084.0,2.771311384547168,31157
"sebastian, ar",1,127799.0,0.7824787361403454,05131
"sedgwick, ks",11,523824.0,2.0999419652402334,20173
"seminole, fl",9,470856.0,1.911412406340792,12117
"seneca, oh",2,55069.0,3.6318073689371513,39147
"sequoyah, ok",1,39281.0,2.5457600366589443,40135
"sevier, tn",2,98380.0,2.032933523073796,47155
"sevier, ut",1,21522.0,4.646408326363721,49041
"seward, ks",1,21964.0,4.552904753232562,20175
"sharkey, ms",1,3800.0,26.31578947368421,28125
"shasta, ca",2,182155.0,1.0979660179517443,06089
"shawano, wi",2,40881.0,4.892248232675327,55115
"shawnee, ks",3,178909.0,1.6768301203405085,20177
"sheboygan, wi",2,118034.0,1.6944270294999746,55117
"shelby, al",6,223024.0,2.6902934213358205,01117
"shelby, ia",1,11746.0,8.513536523071684,19165
"shelby, il",1,20990.0,4.76417341591234,17173
"shelby, in",2,45055.0,4.439018976806126,18145
"shelby, ky",2,48065.0,4.161031935920108,21211
"shelby, oh",1,48230.0,2.073398299813394,39149
"shelby, tn",50,929744.0,5.377824433392418,47157
"shelby, tx",1,24022.0,4.162850720173175,48419
"sherburne, mn",2,97183.0,2.057973102291553,27141
"sheridan, wy",1,30921.0,3.234048057954141,56033
"shiawassee, mi",2,68094.0,2.9371163391781945,26155
"silver bow, mt",1,35133.0,2.8463268152449266,30093
"simpson, ky",1,19594.0,5.103603143819536,21213
"simpson, ms",1,25949.0,3.853713052526109,28127
"sioux, ia",1,35872.0,2.7876895628902765,19167
"sioux, nd",1,3898.0,25.65418163160595,38085
"skagit, wa",3,129523.0,2.316190946781653,53057
"smith, tx",6,233479.0,2.569824266850552,48423
"smyth, va",1,29800.0,3.355704697986577,51173
"snohomish, wa",10,827957.0,1.2077921921065948,53061
"snyder, pa",1,39736.0,2.5166096235152007,42109
"socorro, nm",1,16595.0,6.02591141910214,35053
"solano, ca",13,453491.0,2.8666500547971183,06095
"somerset, md",1,24620.0,4.061738424045491,24039
"somerset, me",1,50477.0,1.9811003031083465,23025
"somerset, nj",6,345361.0,1.7373125512145262,34035
"somerset, pa",2,74129.0,2.6979994334201187,42111
"sonoma, ca",6,488863.0,1.2273377203838294,06097
"spalding, ga",3,67306.0,4.457254925266692,13255
"spartanburg, sc",9,327997.0,2.7439275359225848,45083
"spokane, wa",8,539339.0,1.4832971470633496,53063
"spotsylvania, va",3,140032.0,2.142367458866545,51177
"st john the baptist, la",3,,,00nan
"st joseph, in",6,,,00nan
"stafford, va",3,156927.0,1.911716912959529,51179
"stanislaus, ca",17,552878.0,3.0748193995782067,06099
"stanly, nc",1,62504.0,1.5998976065531807,37167
"stark, nd",1,33646.0,2.972121500326933,38089
"stark, oh",8,374853.0,2.134169927945088,39151
"starke, in",1,23371.0,4.278807068589277,18149
"starr, tx",2,65920.0,3.033980582524272,48427
"staunton city, va",2,25750.0,7.766990291262136,51790
"stearns, mn",1,158292.0,0.6317438657670634,27145
"steele, mn",1,37406.0,2.673367908891622,27147
"stephens, ga",1,26784.0,3.733572281959378,13257
"stephens, ok",1,42848.0,2.333831217326363,40137
"stephenson, il",1,44630.0,2.2406453058480844,17177
"steuben, ny",2,93584.0,2.1371174559753805,36101
"stevens, mn",1,9671.0,10.340192327577292,27149
"stevens, wa",1,46445.0,2.1530842932500804,53065
"stoddard, mo",1,28672.0,3.487723214285714,29207
"stokes, nc",1,44520.0,2.2461814914645104,37169
"stone, mo",1,31076.0,3.217917363882096,29209
"stone, ms",1,18333.0,5.454644629902362,28131
"story, ia",1,98537.0,1.014847214751819,19169
"strafford, nh",2,130889.0,1.5280122852187732,33017
"stutsman, nd",1,21593.0,4.631130458945028,38093
"suffolk city, va",5,94324.0,5.300877825367881,51800
"suffolk, ma",10,797936.0,1.253233342022418,25025
"suffolk, ny",27,1525920.0,1.7694243472790183,36103
"sullivan, in",1,20817.0,4.803766152663688,18153
"sullivan, nh",1,43063.0,2.322179132898312,33019
"sullivan, ny",1,78624.0,1.2718762718762715,36105
"sullivan, tn",5,158163.0,3.1612956253991134,47163
"summit, oh",17,540428.0,3.145654925355459,39153
"sumner, tn",4,196281.0,2.037894651036015,47165
"sumter, fl",3,129752.0,2.3121030889697267,12119
"sumter, ga",2,29616.0,6.75310642895732,13261
"sumter, sc",6,105556.0,5.684186592898556,45085
"sunflower, ms",1,25971.0,3.850448577259251,28133
"surry, nc",2,71359.0,2.802729858882552,37171
"sussex, de",7,237378.0,2.948883215799274,10005
"sussex, nj",1,144221.0,0.6933802982922044,34037
"sutter, ca",2,99633.0,2.007367037025885,06101
"suwannee, fl",1,43474.0,2.3002254220913647,12121
"swain, nc",1,14117.0,7.083658000991712,37173
"sweetwater, wy",1,42272.0,2.3656320968962907,56037
"talbot, md",1,37526.0,2.664819058785908,24041
"talladega, al",4,82149.0,4.869201085831842,01121
"tallapoosa, al",2,41311.0,4.841325554936942,01123
"taney, mo",1,56066.0,1.7836121713694573,29213
"tangipahoa, la",5,133157.0,3.754965942458902,22105
"taos, nm",2,34489.0,5.798950389979414,35055
"tarrant, tx",52,2110640.0,2.463707690558314,48439
"tate, ms",1,28064.0,3.563283922462942,28137
"taylor, ky",2,26023.0,7.685508972831726,21217
"taylor, tx",5,143208.0,3.491425060052511,48441
"taylor, wi",1,19913.0,5.021845025862502,55119
"taylor, wv",1,16705.0,5.986231667165519,54091
"tazewell, il",4,131343.0,3.0454611208819653,17179
"tehama, ca",1,65829.0,1.5190873323307357,06103
"terrebonne, la",4,109580.0,3.650301149844862,22109
"terrell, ga",1,9185.0,10.887316276537833,13273
"terry, tx",1,11831.0,8.452370890034654,48445
"thomas, ga",4,45798.0,8.73400585178392,13275
"thurston, ne",2,6773.0,29.52901225454009,31173
"thurston, wa",5,294793.0,1.6961054027741502,53067
"tift, ga",2,41344.0,4.837461300309598,13277
"tioga, pa",1,41045.0,2.4363503471799244,42117
"tippecanoe, in",3,186251.0,1.610729606820903,18157
"tipton, tn",3,60970.0,4.920452681646712,47167
"titus, tx",2,31247.0,6.400614458988064,48449
"toa baja, pr",1,,,00nan
"todd, mn",1,25262.0,3.9585147652600745,27153
"todd, sd",1,9319.0,10.730765103551883,46121
"tolland, ct",1,,,09013
"tom green, tx",4,120003.0,3.3332500020832816,48451
"tompkins, ny",1,105740.0,0.9457159069415548,36109
"tooele, ut",1,72698.0,1.37555366034829,49045
"toombs, ga",2,27030.0,7.399186089530151,13279
"transylvania, nc",1,32986.0,3.0315891590371677,37175
"travis, tx",17,1290188.0,1.3176374295839055,48453
"trigg, ky",1,14061.0,7.111869710546904,21221
"troup, ga",4,69426.0,5.761530262437704,13285
"trumbull, oh",3,201977.0,1.4853176351762825,39155
"tulare, ca",9,473117.0,1.9022778720696996,06107
"tulsa, ok",16,669279.0,2.39063230730383,40143
"tunica, ms",1,9782.0,10.222858311183806,28143
"tuolumne, ca",1,55620.0,1.7979144192736427,06109
"tuscaloosa, al",7,227036.0,3.08321147307035,01125
"tuscarawas, oh",2,93263.0,2.144473156557263,39157
"tuscola, mi",1,53323.0,1.875363351649382,26157
"twin falls, id",2,90046.0,2.221086999977789,16083
"tyler, tx",1,19798.0,5.051015254066067,48457
"uinta, wy",1,20450.0,4.88997555012225,56041
"uintah, ut",1,35620.0,2.807411566535654,49047
"ulster, ny",2,181851.0,1.0998014858318077,36111
"umatilla, or",2,80075.0,2.497658445207618,41059
"union, ar",1,39054.0,2.560557177241768,05139
"union, ga",1,24632.0,4.059759662227996,13291
"union, ia",1,12138.0,8.238589553468445,19175
"union, la",2,21107.0,9.47552944520775,22111
"union, ms",1,27777.0,3.600100802822479,28145
"union, nc",4,238267.0,1.678788921671906,37179
"union, nj",14,575345.0,2.4333226151265763,34039
"union, oh",1,62784.0,1.5927624872579005,39159
"union, or",1,26196.0,3.817376698732631,41061
"union, pa",1,42681.0,2.3429629108971204,42119
"union, sc",1,27244.0,3.670532961385993,45087
"union, sd",1,16811.0,5.948486110284932,46127
"upshur, tx",2,40892.0,4.890932211679546,48459
"upshur, wv",1,23816.0,4.198857910648304,54097
"upson, ga",1,27700.0,3.6101083032490977,13293
"utah, ut",10,659399.0,1.5165324788178325,49049
"uvalde, tx",1,24564.0,4.0709982087607886,48463
"val verde, tx",2,47586.0,4.202916824276048,48465
"valencia, nm",1,76205.0,1.3122498523718915,35061
"van buren, mi",1,75587.0,1.322978819109106,26159
"van wert, oh",1,28931.0,3.4564999481525005,39161
"van zandt, tx",1,59541.0,1.679514956080684,48467
"vance, nc",2,42578.0,4.697261496547513,37181
"vanderburgh, in",5,180136.0,2.7756805968823555,18163
"vega alta, pr",1,,,00nan
"vega baja, pr",1,,,00nan
"venango, pa",1,50454.0,1.982003409045864,42121
"ventura, ca",18,843843.0,2.133098218507471,06111
"vermilion, il",3,74188.0,4.043780665336712,17183
"vermilion, la",1,57359.0,1.7434055684373857,22113
"vernon, la",1,48750.0,2.051282051282051,22115
"vernon, mo",1,19707.0,5.074339067336479,29217
"vernon, wi",1,30714.0,3.2558442404115384,55123
"victoria, tx",4,91319.0,4.3802494552064735,48469
"vigo, in",2,106153.0,1.8840729889875936,18167
"virginia beach city, va",9,459470.0,1.958778592726402,51810
"volusia, fl",12,553543.0,2.1678532652386533,12127
"wabasha, mn",1,21387.0,4.675737597606022,27157
"wagoner, ok",1,80981.0,1.2348575591805484,40145
"wake, nc",19,1129410.0,1.682294295251503,37183
"waldo, me",1,39607.0,2.524806221122529,23027
"walker, al",2,65342.0,3.060818462856968,01127
"walker, ga",1,67654.0,1.478109202707896,13295
"walker, tx",2,76400.0,2.6178010471204187,48471
"walla walla, wa",1,62584.0,1.5978524862584689,53071
"waller, tx",1,56794.0,1.760749374933972,48473
"walthall, ms",1,13884.0,7.202535292422932,28147
"walton, fl",1,75305.0,1.3279330721731624,12131
"walton, ga",6,96673.0,6.206489919625956,13297
"walworth, wi",1,106478.0,0.9391611412686188,55127
"wapello, ia",2,35437.0,5.6438186076699495,19179
"ward, nd",2,69919.0,2.860452809679772,38101
"ware, ga",2,36251.0,5.517089183746655,13299
"warren, ky",4,134554.0,2.97278416100599,21227
"warren, ms",2,44722.0,4.472071910916328,28149
"warren, nc",1,18642.0,5.3642313056539,37185
"warren, nj",2,109632.0,1.824284880326912,34041
"warren, ny",1,65737.0,1.5212133197438278,36113
"warren, oh",2,242337.0,0.8252970037592278,39165
"warren, pa",1,38587.0,2.5915463757223938,42123
"warren, tn",2,40953.0,4.883647107660001,47177
"warren, va",1,40727.0,2.4553735850909715,51187
"warrick, in",1,63898.0,1.5649942095214249,18173
"wasatch, ut",1,34788.0,2.8745544440611703,49051
"wasco, or",1,26670.0,3.749531308586427,41065
"washington, ar",4,245871.0,1.6268693745907408,05143
"washington, fl",1,25318.0,3.949759064697053,12133
"washington, ga",1,19988.0,5.003001801080648,13303
"washington, ia",1,22565.0,4.431641923332594,19183
"washington, la",3,45463.0,6.598772628291138,22117
"washington, md",4,154705.0,2.585566077373065,24043
"washington, me",1,31095.0,3.215951117543013,23029
"washington, mn",4,267568.0,1.494947078873408,27163
"washington, mo",1,23514.0,4.252785574551331,29221
"washington, ms",2,44922.0,4.452161524420106,28151
"washington, nc",1,11003.0,9.088430428065074,37187
"washington, oh",2,59771.0,3.3461042980709705,39167
"washington, ok",1,52455.0,1.906395958440568,40147
"washington, or",9,600372.0,1.4990705762427297,41067
"washington, pa",6,209349.0,2.866027542524684,42125
"washington, ri",2,129839.0,1.5403692265035929,44009
"washington, tn",3,133001.0,2.255622138179412,47179
"washington, tx",2,35805.0,5.58581203742494,48477
"washington, ut",3,180279.0,1.664087331303147,49053
"washington, va",1,53935.0,1.8540836191712249,51191
"washington, vt",1,59807.0,1.6720450783353118,50023
"washington, wi",3,136761.0,2.193607826792726,55131
"washoe, nv",8,486492.0,1.644425807618625,32031
"washtenaw, mi",8,372258.0,2.1490471662126804,26161
"watauga, nc",1,54086.0,1.848907295788189,37189
"waukesha, wi",10,406978.0,2.4571352751254367,55133
"waupaca, wi",1,51812.0,1.930054813556705,55135
"wayne, ga",2,30144.0,6.634819532908705,13305
"wayne, ia",1,6497.0,15.391719255040789,19185
"wayne, il",1,16179.0,6.180851721367204,17191
"wayne, in",2,66553.0,3.005123735969829,18177
"wayne, ky",1,19555.0,5.113781641523907,21231
"wayne, mi",48,1793561.0,2.6762401724836797,26163
"wayne, ms",1,19779.0,5.055867334041155,28153
"wayne, nc",7,117333.0,5.965926039562612,37191
"wayne, ny",1,91283.0,1.0954942322228671,36117
"wayne, oh",2,116894.0,1.7109518024877235,39169
"wayne, pa",1,51155.0,1.954843123839312,42127
"weakley, tn",1,32902.0,3.0393289161753083,47183
"webb, tx",9,267114.0,3.3693479188661017,48479
"weber, ut",8,262223.0,3.050838408530144,49057
"webster, ia",1,36999.0,2.702775750695965,19187
"webster, la",3,36967.0,8.115346119511997,22119
"webster, ms",1,9926.0,10.074551682450132,28155
"weld, co",3,328981.0,0.9119067666521776,08123
"wells, in",1,28180.0,3.5486160397445,18179
"west baton rouge, la",1,27199.0,3.676605757564616,22121
"west carroll, la",1,9751.0,10.255358424776944,22123
"westchester, ny",18,1004457.0,1.7920129980676125,36119
"westmoreland, pa",8,354663.0,2.255662417562588,42129
"wetzel, wv",1,14442.0,6.924248719013987,54103
"wexford, mi",1,33673.0,2.969738366049951,26165
"wharton, tx",3,41570.0,7.21674284339668,48481
"whatcom, wa",3,226847.0,1.322477264411696,53073
"white pine, nv",1,9080.0,11.013215859030838,32033
"white, ar",1,76822.0,1.301710447528052,05145
"white, tn",1,27351.0,3.6561734488684143,47185
"whiteside, il",1,55691.0,1.7956222728986733,17195
"whitfield, ga",1,102864.0,0.972157411728107,13313
"whitley, ky",1,36712.0,2.723904990193942,21235
"wichita, tx",2,129350.0,1.5461925009663704,48485
"wicomico, md",3,103588.0,2.8960883500019308,24045
"wilbarger, tx",1,12887.0,7.759757895553658,48487
"wilcox, al",1,10600.0,9.433962264150942,01131
"wilkes, nc",1,65969.0,1.5158635116494112,37193
"wilkinson, ms",1,8587.0,11.64551065564225,28157
"will, il",18,696355.0,2.5848884548829263,17197
"willacy, tx",1,20164.0,4.959333465582226,48489
"williams, nd",1,40950.0,2.442002442002442,38105
"williams, oh",1,37102.0,2.695272492048946,39171
"williamsburg, sc",1,31026.0,3.223103203764585,45089
"williamson, il",2,67153.0,2.9782734948550327,17199
"williamson, tn",2,247726.0,0.8073435973616011,47187
"williamson, tx",12,609017.0,1.9703883471233152,48491
"wilson, nc",2,78784.0,2.538586515028432,37195
"wilson, tn",4,147737.0,2.707514028307059,47189
"wilson, tx",2,49753.0,4.019858099009105,48493
"winchester city, va",2,28120.0,7.112375533428166,51840
"windham, ct",1,,,09015
"winn, la",1,13755.0,7.270083605961468,22127
"winnebago, il",12,285350.0,4.205361836341335,17201
"winnebago, wi",3,171730.0,1.74692831770803,55139
"winneshiek, ia",1,20070.0,4.982561036372696,19191
"winona, mn",1,49671.0,2.013247166354613,27169
"winston, ms",1,17714.0,5.645252342779722,28159
"wise, tx",2,68632.0,2.914092551579438,48497
"wood, oh",3,132248.0,2.268465307603896,39173
"wood, tx",1,44843.0,2.2300024530026983,48499
"wood, wi",1,74207.0,1.3475817645235626,55141
"wood, wv",2,84296.0,2.3725918193034072,54107
"woodbury, ia",2,105941.0,1.8878432334978903,19193
"woodruff, ar",1,6269.0,15.95150741745095,05147
"woodward, ok",1,20470.0,4.885197850512946,40153
"worcester, ma",11,862111.0,1.27593778527359,25027
"worcester, md",1,52460.0,1.9062142584826536,24047
"worth, ga",1,20784.0,4.811393379522709,13321
"wright, mn",1,141337.0,0.7075288141109547,27171
"wright, mo",1,18188.0,5.498130635583902,29229
"wyandot, oh",1,21900.0,4.566210045662101,39175
"wyandotte, ks",6,169245.0,3.545156430027475,20209
"wyoming, pa",1,26069.0,3.835973761939469,42131
"wyoming, wv",1,21382.0,4.676830979328408,54109
"yadkin, nc",1,37214.0,2.6871607459558238,37197
"yakima, wa",6,256728.0,2.3371038608955783,53077
"yamhill, or",3,107722.0,2.784946436196877,41071
"yankton, sd",1,23310.0,4.29000429000429,46135
"yauco, pr",2,,,00nan
"yavapai, az",4,236209.0,1.6934155768831838,04025
"yazoo, ms",1,26743.0,3.739296264443032,28163
"yellow medicine, mn",1,9528.0,10.495382031905962,27173
"yellowstone, mt",2,164731.0,1.214100563949712,30111
"yoakum, tx",1,7694.0,12.997140629061604,48501
"yolo, ca",2,216403.0,0.9242016053381884,06113
"york, me",1,211972.0,0.471760421187704,23031
"york, ne",1,14125.0,7.0796460176991145,31185
"york, pa",7,456438.0,1.533614642076251,42133
"york, sc",4,282090.0,1.4179871672161368,45091
"young, tx",1,17867.0,5.596910505401019,48503
"yuba, ca",1,81575.0,1.225865767698437,06115
"yuma, az",4,203881.0,1.9619287721759264,04027
"zapata, tx",1,13889.0,7.199942400460797,48505
"zavala, tx",1,9670.0,10.341261633919338,48507
